"Timestamp","Actor","Behavior","Recipient","Location","Observer","Notes"
"10/13/2014 13:01:31","Start","Start","Start","Start","AR",""
"10/13/2014 13:02:48","8","Fighting","4","MR","AR",""
"10/13/2014 13:09:57","11","Fighting","3","LR","AR",""
"10/13/2014 13:10:25","10","Fighting","1","LR","AR",""
"10/13/2014 13:11:27","8","Fighting, Mounting","2","MR","AR",""
"10/13/2014 13:12:25","10","Subordinate","11","LL","AR",""
"10/13/2014 13:15:51","10","Fighting","11","LR","AR",""
"10/13/2014 13:19:17","1","Fighting, Chasing","2","LL","AR",""
"10/13/2014 13:19:55","11","Fighting","2","LR","AR",""
"10/13/2014 13:22:26","10","Fighting, Mounting","8","LL, LR","AR","staarted lr and continued to ll"
"10/13/2014 13:24:28","8","Fighting","4","LL","AR",""
"10/13/2014 13:25:05","8","Fighting","4","NB2","AR",""
"10/13/2014 13:25:53","8","Fighting, Chasing, Mounting","4","NB2","AR",""
"10/13/2014 13:26:49","10","Fighting","8","LR","AR",""
"10/13/2014 13:27:41","8","Fighting, Mounting","2","LR","AR",""
"10/13/2014 13:35:51","8","Chasing","4","ML","AR",""
"10/13/2014 13:42:46","8","Fighting","11","LR","AR",""
"10/13/2014 13:45:31","8","Induce-flee","4","LR","AR",""
"10/13/2014 13:46:54","8","Fighting","2","NB5","AR",""
"10/13/2014 13:49:08","12","Mounting","6","LR","AR",""
"10/13/2014 13:49:45","12","Mounting","1","LR","AR",""
"10/13/2014 13:50:20","8","Chasing","12","LR","AR",""
"10/13/2014 14:02:15","8","Fighting","4","NB1","AR",""
"10/13/2014 14:04:54","8","Fighting","1","NB1","AR",""
"10/13/2014 14:05:22","8","Fighting, Mounting","1","LL","AR",""
"10/13/2014 14:05:40","8","Chasing","12","LR","AR",""
"10/13/2014 14:08:16","8","Chasing","1","LL","AR",""
"10/13/2014 14:18:12","8","Fighting, Mounting","7","NB1","AR",""
"10/13/2014 14:21:17","12","Fighting","7","LR","AR",""
"10/13/2014 14:23:20","8","Fighting","9","NB1","AR",""
"10/13/2014 14:27:45","9","Fighting","10","LR","AR",""
"10/13/2014 14:28:51","9","Fighting","2","LR","AR",""
"10/13/2014 14:29:15","9","Fighting","2","LR","AR",""
"10/13/2014 14:33:16","9","Fighting, Chasing","1","UR","AR",""
"10/13/2014 14:35:29","9","Fighting","1","NB1","AR",""
"10/13/2014 14:36:03","9","Chasing","7","LR","AR",""
"10/13/2014 14:42:25","12","Mounting","6","UR","AR",""
"10/13/2014 14:43:46","9","Fighting, Chasing","8","MR","AR",""
"10/13/2014 14:44:38","9","Mounting","1","UR","AR",""
"10/13/2014 14:51:33","9","Fighting, Mounting","11","NB3","AR",""
"10/13/2014 14:52:08","9","Chasing","7","NB3","AR",""
"10/13/2014 14:54:27","9","Subordinate","4","NB5","AR",""
"10/13/2014 14:56:05","9","Chasing","4","LL","AR",""
"10/13/2014 14:59:44","9","Fighting, Chasing","1","LL","AR",""
"10/13/2014 15:00:09","9","Chasing","2","LL","AR",""
"10/13/2014 15:00:29","End","End","End","End","AR",""
"10/14/2014 14:00:13","Start","Start","Start","Start","CW",""
"10/14/2014 14:07:13","4","Fighting","8","NB1, NB2, NB3, NB4","CW",""
"10/14/2014 14:08:28","4","Fighting","8","NB4","CW",""
"10/14/2014 14:10:06","4","Chasing","8","LL, LR","CW",""
"10/14/2014 14:11:17","4","Chasing","12","UL","CW",""
"10/14/2014 14:11:59","4","Fighting","8","LL","CW",""
"10/14/2014 14:12:19","4","Induce-flee","12","UL","CW",""
"10/14/2014 14:17:48","4","Chasing","8","LL","CW",""
"10/14/2014 14:18:13","4","Fighting","8","LR","CW",""
"10/14/2014 14:19:46","4","Induce-flee","6","UL","CW",""
"10/14/2014 14:22:51","4","Fighting","8","NB2","CW",""
"10/14/2014 14:25:22","6","Subordinate","8","UR","CW",""
"10/14/2014 14:35:47","4","Fighting","12","NB5","CW",""
"10/14/2014 14:36:45","4","Induce-flee","10","UL","CW",""
"10/14/2014 14:37:39","4","Subordinate","12","UL","CW",""
"10/14/2014 14:38:33","4","Subordinate","2","MR","CW",""
"10/14/2014 14:39:36","5","Chasing","5","MR","CW",""
"10/14/2014 14:41:17","4","Chasing","3","UL","CW",""
"10/14/2014 14:41:55","4","Induce-flee","7","UL","CW",""
"10/14/2014 14:57:57","4","Fighting","3","NB1","CW",""
"10/14/2014 15:06:56","4","Chasing","7","UL","CW",""
"10/14/2014 15:08:01","4","Subordinate","7","UR","CW",""
"10/14/2014 15:08:30","4","Fighting","1","UR","CW",""
"10/14/2014 15:10:00","4","Fighting, Chasing","1","AllOver","CW",""
"10/14/2014 15:10:47","4","Chasing","1","ML","CW",""
"10/14/2014 15:37:14","4","Fighting","8","UR","CW",""
"10/14/2014 15:37:34","4","Fighting","5","UR","CW",""
"10/14/2014 15:40:04","4","Fighting, Chasing","12","UL","CW",""
"10/14/2014 15:55:55","4","Fighting","6","NB1","CW",""
"10/14/2014 16:00:12","End","End","End","End","CW",""
"10/15/2014 12:58:53","Start","Start","Start","Start","AP",""
"10/15/2014 13:00:21","4","Chasing","6","UL","AP",""
"10/15/2014 13:04:01","4","Chasing","8","UL","AP",""
"10/15/2014 13:05:52","4","Chasing","5","LR","AP",""
"10/15/2014 13:06:26","4","Chasing","2","MR","AP",""
"10/15/2014 13:07:20","4","Fighting, Chasing","8","LR","AP",""
"10/15/2014 13:10:02","4","Fighting","12","LL","AP",""
"10/15/2014 13:12:27","4","Fighting, Chasing","5","MR","AP","4 tried to pull 5 down the tube by his tail "
"10/15/2014 13:13:00","4","Induce-flee","8","ML","AP",""
"10/15/2014 13:13:58","4","Chasing","2","UL","AP",""
"10/15/2014 13:14:36","4","Chasing","2","MR","AP",""
"10/15/2014 13:21:38","4","Chasing","10","UL","AP",""
"10/15/2014 13:22:49","4","Chasing","2","UL","AP",""
"10/15/2014 13:25:10","4","Fighting","12","UR","AP",""
"10/15/2014 13:27:00","4","Chasing","11","MR","AP",""
"10/15/2014 13:27:19","4","Chasing","10","LL","AP",""
"10/15/2014 13:49:22","4","Chasing","1","LL","AP",""
"10/15/2014 13:49:54","4","Fighting","1","MR","AP",""
"10/15/2014 13:50:52","4","Fighting, Chasing","9","MR","AP",""
"10/15/2014 14:08:06","4","Fighting, Chasing","1","MR","AP",""
"10/15/2014 14:12:47","4","Fighting","8","UL","AP",""
"10/15/2014 14:44:59","4","Chasing","2","UL","AP",""
"10/15/2014 14:48:08","4","Chasing","2","UL","AP",""
"10/15/2014 14:53:30","4","Chasing","1","LR","AP",""
"10/15/2014 14:56:53","4","Chasing","7","UL","AP",""
"10/15/2014 15:00:46","End","End","End","End","AP",""
"10/16/2014 15:55:15","Start","Start","Start","Start","CW",""
"10/16/2014 15:55:57","4","Chasing","9","ML, LL","CW",""
"10/16/2014 16:00:28","7","Fighting, Chasing","12","UL, UR","CW",""
"10/16/2014 16:00:54","4","Chasing","7","UL","CW",""
"10/16/2014 16:02:54","4","Induce-flee","2","UR","CW",""
"10/16/2014 16:03:11","4","Chasing","12","UR","CW",""
"10/16/2014 16:06:26","4","Chasing","7","LL","CW",""
"10/16/2014 16:07:57","7","Chasing","2","UL","CW",""
"10/16/2014 16:08:50","4","Fighting","3","UL","CW",""
"10/16/2014 16:09:31","4","Chasing","5","LL","CW",""
"10/16/2014 16:10:35","7","Chasing, Mounting","12","UR","CW",""
"10/16/2014 16:11:05","4","Chasing","7","UR","CW",""
"10/16/2014 16:11:18","4","Subordinate","12","UR","CW",""
"10/16/2014 16:11:51","4","Induce-flee","6","UR","CW",""
"10/16/2014 16:13:14","7","Chasing","2","UL","CW",""
"10/16/2014 16:14:00","4","Fighting, Chasing","2","MR","CW",""
"10/16/2014 16:14:57","10","Induce-flee","5","UL","CW",""
"10/16/2014 16:15:28","4","Chasing","7","UL","CW",""
"10/16/2014 16:16:07","4","Chasing","5","LL","CW",""
"10/16/2014 16:16:59","4","Subordinate","12","UL","CW",""
"10/16/2014 16:17:24","4","Fighting","12","MR","CW",""
"10/16/2014 16:19:42","4","Induce-flee","10","UR","CW",""
"10/16/2014 16:20:17","7","Chasing","2","UR","CW",""
"10/16/2014 16:20:52","7","Chasing","10","UR","CW",""
"10/16/2014 16:23:09","7","Chasing","12","UL","CW",""
"10/16/2014 16:25:35","7","Chasing","10","UR","CW",""
"10/16/2014 16:25:52","4","Fighting","5","NB1","CW",""
"10/16/2014 16:26:11","7","Chasing","12","LL","CW",""
"10/16/2014 16:26:46","7","Chasing","12","UL","CW",""
"10/16/2014 16:28:03","7","Fighting","12","UL","CW",""
"10/16/2014 16:28:19","7","Chasing","10","UL","CW",""
"10/16/2014 16:29:46","7","Fighting","12","UL","CW",""
"10/16/2014 16:31:54","7","Chasing","10","UL","CW",""
"10/16/2014 16:32:07","7","Chasing","6","UR","CW",""
"10/16/2014 16:33:12","7","Chasing","12","ML","CW",""
"10/16/2014 16:34:29","4","Chasing","7","ML","CW",""
"10/16/2014 16:34:41","4","Chasing","6","UL","CW",""
"10/16/2014 16:35:04","4","Chasing","12","ML","CW",""
"10/16/2014 16:38:31","4","Chasing","7","UL","CW",""
"10/16/2014 16:42:12","7","Chasing","3","UL","CW",""
"10/16/2014 16:44:16","7","Chasing","12","UL","CW",""
"10/16/2014 16:45:09","7","Chasing","12","UL","CW",""
"10/16/2014 16:46:14","7","Fighting, Chasing","3","UL","CW",""
"10/16/2014 16:47:17","7","Chasing","12","UL","CW",""
"10/16/2014 16:47:33","7","Chasing","8","UR","CW",""
"10/16/2014 16:50:30","4","Induce-flee","6","UR","CW",""
"10/16/2014 17:05:53","4","Subordinate","12","UR","CW",""
"10/16/2014 17:23:19","4","Subordinate","2","LL","CW",""
"10/16/2014 17:26:49","4","Fighting, Chasing","1","ML","CW",""
"10/16/2014 17:28:51","4","Chasing","2","UR","CW",""
"10/16/2014 17:29:31","4","Induce-flee","2","UR","CW",""
"10/16/2014 17:30:00","4","Chasing","12","UL","CW",""
"10/16/2014 17:32:27","4","Chasing","2","AllOver","CW",""
"10/16/2014 17:33:39","4","Fighting","1","UR","CW",""
"10/16/2014 17:40:24","4","Fighting","1","NB2","CW",""
"10/16/2014 17:45:10","4","Chasing","9","UR","CW",""
"10/16/2014 17:49:00","4","Chasing","7","UR","CW",""
"10/16/2014 17:50:32","4","Chasing","9","UL","CW",""
"10/16/2014 17:52:37","4","Chasing","9","MR","CW",""
"10/16/2014 17:56:30","4","Subordinate","9","UL","CW",""
"10/16/2014 17:56:59","4","Chasing","3","ML","CW",""
"10/16/2014 17:57:24","4","Chasing","1","UR","CW",""
"10/16/2014 17:58:50","4","Fighting, Chasing","9","MR","CW",""
"10/16/2014 18:00:15","End","End","End","End","CW",""
"10/17/2014 13:01:12","Start","Start","Start","Start","HHG",""
"10/17/2014 13:06:17","4","Fighting","6","MR","HHG",""
"10/17/2014 13:06:59","4","Chasing","9","MR","HHG",""
"10/17/2014 13:12:50","7","Chasing","12","UL","HHG",""
"10/17/2014 13:14:43","4","Fighting","11","NB5","HHG",""
"10/17/2014 13:15:03","4","Chasing","8","MR","HHG",""
"10/17/2014 13:19:28","4","Induce-flee","7","UL","HHG",""
"10/17/2014 13:20:33","4","Induce-flee","7","UL","HHG",""
"10/17/2014 13:24:03","4","Induce-flee","9","MR","HHG",""
"10/17/2014 13:28:17","4","Induce-flee","12","UL","HHG",""
"10/17/2014 13:29:17","4","Induce-flee","9","MR","HHG",""
"10/17/2014 13:33:55","4","Chasing","9","MR","HHG",""
"10/17/2014 13:35:08","4","Induce-flee","12","LL","HHG",""
"10/17/2014 13:48:15","4","Fighting","8","LR","HHG",""
"10/17/2014 13:51:48","4","Induce-flee","5","UL","HHG",""
"10/17/2014 13:52:20","4","Chasing","12","UL","HHG",""
"10/17/2014 13:53:09","4","Induce-flee","3","UL","HHG",""
"10/17/2014 13:53:36","4","Induce-flee","12","UL","HHG",""
"10/17/2014 14:11:35","7","Fighting","10","UL","HHG",""
"10/17/2014 14:13:35","4","Chasing","12","UL","HHG",""
"10/17/2014 14:15:38","4","Chasing","2","MR","HHG",""
"10/17/2014 14:15:51","7","Chasing","8","UL","HHG",""
"10/17/2014 14:16:38","7","Induce-flee","12","UL","HHG",""
"10/17/2014 14:18:42","4","Chasing","7","UL","HHG",""
"10/17/2014 14:19:27","4","Induce-flee","7","MR","HHG",""
"10/17/2014 14:19:50","4","Chasing","12","ML","HHG",""
"10/17/2014 14:21:03","4","Chasing","3","UR","HHG",""
"10/17/2014 14:22:45","4","Induce-flee","3","MR","HHG",""
"10/17/2014 14:27:40","4","Induce-flee","3","UL","HHG",""
"10/17/2014 14:28:37","4","Chasing","7","MR","HHG",""
"10/17/2014 14:30:16","4","Fighting","9","MR","HHG",""
"10/17/2014 14:31:17","4","Fighting","1","MR","HHG",""
"10/17/2014 14:32:01","4","Induce-flee","3","UL","HHG",""
"10/17/2014 14:33:55","4","Induce-flee","10","UR","HHG","when 4 last interacted with 10 that mouse was actually 1"
"10/17/2014 14:34:16","4","Induce-flee","3","MR","HHG",""
"10/17/2014 14:37:05","4","Chasing","9","LL","HHG",""
"10/17/2014 14:38:21","4","Induce-flee","9","LR","HHG",""
"10/17/2014 14:43:36","4","Induce-flee","6","UL","HHG",""
"10/17/2014 14:44:33","4","Chasing","6","ML","HHG",""
"10/17/2014 14:45:24","4","Chasing","3","LR","HHG",""
"10/17/2014 14:50:09","10","Chasing","2","UL","HHG",""
"10/17/2014 14:54:27","4","Fighting","1","ML","HHG",""
"10/17/2014 14:56:10","4","Chasing","2","UR","HHG",""
"10/17/2014 14:57:20","4","Chasing","2","ML","HHG",""
"10/17/2014 15:00:09","End","End","End","End","HHG",""
"10/18/2014 12:01:41","Start","Start","Start","Start","JK",""
"10/18/2014 12:02:57","4","Fighting","5","UR","JK",""
"10/18/2014 12:05:20","4","Fighting, Chasing","7","LR","JK",""
"10/18/2014 12:06:40","4","Fighting, Chasing","12","UL","JK",""
"10/18/2014 12:15:22","4","Fighting, Chasing","12","MR","JK",""
"10/18/2014 12:17:53","4","Fighting","8","UR","JK",""
"10/18/2014 12:20:00","4","Fighting, Chasing","9","MR","JK",""
"10/18/2014 12:26:11","4","Chasing","5, 7","UR","JK",""
"10/18/2014 12:27:46","4","Fighting, Chasing","10","MR","JK",""
"10/18/2014 12:29:44","4","Chasing","9","MR","JK",""
"10/18/2014 12:32:25","4","Fighting","11","MR","JK",""
"10/18/2014 12:33:40","4","Fighting, Chasing","3","LR","JK",""
"10/18/2014 12:34:44","7","Fighting","3, 9","UR","JK",""
"10/18/2014 12:39:06","4","Fighting","11","NB1","JK",""
"10/18/2014 12:39:59","4","Subordinate","7","UR","JK",""
"10/18/2014 12:42:16","4","Fighting, Chasing","2","MR","JK",""
"10/18/2014 12:44:39","7","Fighting, Chasing","12","UL","JK",""
"10/18/2014 12:45:09","7","Fighting","10","UR","JK",""
"10/18/2014 12:46:37","7","Fighting, Chasing","5, 12","UL","JK",""
"10/18/2014 12:49:40","7","Fighting, Chasing","8","UL","JK",""
"10/18/2014 12:50:56","7","Mounting","11","UL","JK",""
"10/18/2014 12:51:36","4","Fighting, Chasing","7","ML","JK",""
"10/18/2014 12:57:12","7","Fighting","9","UL","JK",""
"10/18/2014 12:59:05","7","Fighting, Chasing","3","UL","JK",""
"10/18/2014 13:00:46","4","Fighting, Chasing","2","ML","JK",""
"10/18/2014 13:05:04","4","Fighting, Chasing","2","ML","JK",""
"10/18/2014 13:06:52","4","Fighting","1","UL","JK",""
"10/18/2014 13:10:16","4","Fighting, Chasing","1","MR","JK",""
"10/18/2014 13:21:03","4","Fighting, Chasing","3","UL","JK",""
"10/18/2014 13:22:48","4","Fighting","1","MR","JK",""
"10/18/2014 13:31:48","4","Fighting","9","MR","JK",""
"10/18/2014 13:52:42","4","Fighting","3","UL","JK",""
"10/18/2014 14:00:11","End","End","End","End","JK",""
"10/19/2014 12:04:24","Start","Start","Start","Start","AR",""
"10/19/2014 12:12:48","7","Chasing","12","UR","AR",""
"10/19/2014 12:15:44","4","Chasing","6","UL","AR",""
"10/19/2014 12:16:28","4","Fighting, Chasing","7","LL","AR",""
"10/19/2014 12:19:07","7","Fighting","12","UR","AR",""
"10/19/2014 12:23:17","7","Fighting, Mounting","10","UR","AR",""
"10/19/2014 12:25:36","4","Chasing","11","MR","AR",""
"10/19/2014 12:26:59","4","Chasing","2","LR","AR",""
"10/19/2014 12:27:25","4","Fighting, Chasing","2","MR","AR",""
"10/19/2014 12:27:51","4","Fighting","6","MR","AR",""
"10/19/2014 12:30:39","4","Fighting","12","MR","AR",""
"10/19/2014 12:31:22","4","Fighting, Chasing","12","MR","AR",""
"10/19/2014 12:32:36","4","Fighting","2","LR","AR",""
"10/19/2014 12:37:09","4","Fighting, Chasing","6","MR","AR",""
"10/19/2014 12:37:13","4","Fighting, Chasing","6","MR","AR",""
"10/19/2014 12:39:05","4","Fighting, Chasing","3","NB1","AR",""
"10/19/2014 12:46:12","4","Chasing","9","ML","AR",""
"10/19/2014 12:48:59","4","Fighting","1","MR","AR",""
"10/19/2014 12:49:23","4","Fighting","8","UR","AR",""
"10/19/2014 12:51:53","10","Fighting","6","UR","AR",""
"10/19/2014 12:53:09","4","Chasing","9","MR","AR",""
"10/19/2014 12:54:44","4","Fighting","1","UL","AR",""
"10/19/2014 12:54:57","7","Fighting, Mounting","10","UR","AR",""
"10/19/2014 12:57:17","4","Fighting, Chasing","7","NB3","AR","chase in tube"
"10/19/2014 12:58:11","7","Fighting, Mounting","10","UL","AR",""
"10/19/2014 12:58:28","7","Chasing","12","UR","AR",""
"10/19/2014 13:01:25","7","Fighting","12","LR","AR",""
"10/19/2014 13:03:12","4","Chasing","12","UR","AR",""
"10/19/2014 13:04:15","7","Mounting","3","UR","AR",""
"10/19/2014 13:09:06","4","Fighting, Chasing","7","MR","AR",""
"10/19/2014 13:13:16","4","Chasing","7","UR","AR",""
"10/19/2014 13:14:49","4","Chasing","2","UR","AR",""
"10/19/2014 13:16:06","4","Chasing","10","MR","AR",""
"10/19/2014 13:18:55","4","Fighting, Chasing","3","UR","AR",""
"10/19/2014 13:22:50","4","Fighting, Chasing","3","UL","AR",""
"10/19/2014 13:25:06","7","Fighting","12","UL","AR",""
"10/19/2014 13:34:43","7","Fighting, Chasing","3","UR","AR",""
"10/19/2014 13:36:27","7","Chasing","12","MR","AR",""
"10/19/2014 13:37:01","4","Chasing","7","LR","AR",""
"10/19/2014 13:39:38","4","Induce-flee","8","MR","AR",""
"10/19/2014 13:42:23","4","Fighting","12","UL","AR",""
"10/19/2014 13:43:01","4","Fighting, Chasing","6","UR","AR",""
"10/19/2014 13:46:15","4","Chasing","9","MR","AR",""
"10/19/2014 13:49:21","5","Fighting","11","UR","AR",""
"10/19/2014 13:50:32","4","Fighting","5","MR","AR",""
"10/19/2014 13:56:04","11","Fighting","1","UR","AR",""
"10/19/2014 13:57:41","4","Chasing","8","ML","AR",""
"10/19/2014 13:59:48","10","Mounting","11","UR","AR",""
"10/19/2014 14:00:22","End","End","End","End","AR",""
"10/20/2014 12:01:04","Start","Start","Start","Start","AM",""
"10/20/2014 12:11:19","4","Fighting, Chasing","7","UR","AM",""
"10/20/2014 12:22:30","7","Chasing","2, 12","UL","AM",""
"10/20/2014 12:23:16","7","Chasing","10","UL","AM",""
"10/20/2014 12:24:24","4","Fighting, Chasing","7","UR","AM",""
"10/20/2014 12:25:35","4","Chasing","3","UL","AM",""
"10/20/2014 12:26:47","4","Chasing","7","MR","AM",""
"10/20/2014 12:27:20","4","Fighting, Chasing","3, 10","UR","AM",""
"10/20/2014 12:27:40","4","Chasing","2, 12","UL","AM",""
"10/20/2014 12:28:05","4","Chasing","12","UL","AM",""
"10/20/2014 12:29:29","4","Fighting, Chasing","7","AllOver","AM",""
"10/20/2014 12:31:37","4","Subordinate","2","UL","AM",""
"10/20/2014 12:33:56","4","Chasing, Subordinate","10","UL","AM",""
"10/20/2014 12:34:25","4","Chasing","6","UL","AM",""
"10/20/2014 12:34:58","4","Chasing","12","UL","AM",""
"10/20/2014 12:36:46","4","Chasing, Subordinate","3","UL","AM",""
"10/20/2014 12:37:09","10","Chasing","2, 5","UR","AM",""
"10/20/2014 12:38:50","4","Chasing","6","UL","AM",""
"10/20/2014 12:39:47","4","Chasing","8","MR","AM",""
"10/20/2014 12:42:18","4","Subordinate","5","UR","AM",""
"10/20/2014 12:44:56","4","Subordinate","8, 11","UL","AM",""
"10/20/2014 12:45:22","4","Chasing","11","UL","AM",""
"10/20/2014 12:46:11","4","Induce-flee","10","UL","AM",""
"10/20/2014 12:47:50","4","Fighting, Chasing","3","MR","AM",""
"10/20/2014 12:48:24","4","Fighting, Chasing, Mounting","11","MR","AM",""
"10/20/2014 12:50:22","4","Fighting, Chasing","8, 10","MR","AM",""
"10/20/2014 12:51:20","4","Induce-flee","3","MR","AM",""
"10/20/2014 12:53:22","7","Subordinate","1","UR","AM",""
"10/20/2014 12:54:01","4","Chasing","2","LL","AM",""
"10/20/2014 12:57:04","4","Chasing","5","MR","AM",""
"10/20/2014 12:58:02","4","Chasing","2","ML","AM",""
"10/20/2014 12:59:06","10","Fighting","11","UR","AM",""
"10/20/2014 13:00:00","4","Chasing","12","MR","AM",""
"10/20/2014 13:06:23","7","Chasing","10","UL","AM",""
"10/20/2014 13:06:47","4","Chasing","2","ML","AM",""
"10/20/2014 13:07:10","7","Chasing","8","UL","AM",""
"10/20/2014 13:08:05","4","Chasing","7","MR","AM",""
"10/20/2014 13:10:01","4","Chasing","6","MR","AM",""
"10/20/2014 13:11:08","4","Fighting, Chasing","10","MR","AM",""
"10/20/2014 13:11:29","4","Chasing","5","LL","AM",""
"10/20/2014 13:13:05","10","Subordinate","5","UR","AM",""
"10/20/2014 13:14:29","4","Fighting, Subordinate","5","NB1","AM",""
"10/20/2014 13:16:22","4","Fighting, Chasing","5","NB2","AM",""
"10/20/2014 13:17:29","4","Chasing","6, 8","ML","AM",""
"10/20/2014 13:20:19","4","Induce-flee","7","UL","AM",""
"10/20/2014 13:20:59","10","Subordinate","1","UR","AM",""
"10/20/2014 13:22:23","7","Chasing, Mounting","1","UL","AM",""
"10/20/2014 13:24:37","4","Induce-flee","10","UL","AM",""
"10/20/2014 13:25:16","4","Chasing","7","LL","AM",""
"10/20/2014 13:26:51","4","Induce-flee","9","LL","AM",""
"10/20/2014 13:27:49","10","Fighting","1","UL","AM",""
"10/20/2014 13:29:27","4","Chasing","6","UL","AM",""
"10/20/2014 13:31:00","4","Chasing","5","UL","AM",""
"10/20/2014 13:32:19","10","Fighting","12","UR","AM",""
"10/20/2014 13:36:43","7","Chasing, Mounting","8","UL","AM",""
"10/20/2014 13:37:11","4","Chasing","3","LL","AM",""
"10/20/2014 13:37:30","4","Chasing","7","ML","AM",""
"10/20/2014 13:38:16","7","Chasing","2","ML","AM",""
"10/20/2014 13:39:10","4","Induce-flee","7","ML","AM",""
"10/20/2014 13:39:47","4","Chasing","7","ML","AM",""
"10/20/2014 13:41:06","4","Fighting","7","UR","AM",""
"10/20/2014 13:41:32","4","Chasing","2","ML","AM",""
"10/20/2014 13:43:18","4","Chasing","2","ML","AM",""
"10/20/2014 14:00:14","End","End","End","End","AM",""
"10/21/2014 12:12:50","Start","Start","Start","Start","CW","late because taking PCR run out"
"10/21/2014 12:15:11","4","Chasing","11","UL","CW",""
"10/21/2014 12:16:36","7","Chasing","12","MR","CW",""
"10/21/2014 12:18:16","7","Fighting","11","UR","CW",""
"10/21/2014 12:18:49","7","Fighting","2","UR","CW",""
"10/21/2014 12:20:12","4","Induce-flee","9","UL","CW",""
"10/21/2014 12:23:54","4","Subordinate","11","UL","CW",""
"10/21/2014 12:27:25","4","Chasing","5","UL","CW",""
"10/21/2014 12:28:31","4","Chasing","12","UR","CW",""
"10/21/2014 12:30:44","7","Fighting","10","UR","CW",""
"10/21/2014 12:32:10","4","Fighting, Chasing","2","MR","CW",""
"10/21/2014 12:33:52","4","Induce-flee","9","LR","CW",""
"10/21/2014 12:34:31","4","Fighting","12","UL","CW",""
"10/21/2014 12:34:53","12","Fighting","6","UL","CW",""
"10/21/2014 12:37:51","7","Fighting, Chasing","1","UR","CW",""
"10/21/2014 12:38:12","4","Chasing","3","MR","CW",""
"10/21/2014 12:41:29","4","Fighting","5","MR","CW",""
"10/21/2014 12:43:37","4","Chasing","7","MR","CW",""
"10/21/2014 12:44:09","4","Induce-flee","6","UL","CW",""
"10/21/2014 12:48:00","4","Chasing","12","UR","CW",""
"10/21/2014 12:49:47","7","Fighting, Chasing","10","UR","CW",""
"10/21/2014 12:51:45","4","Fighting","11","MR","CW",""
"10/21/2014 12:52:49","4","Chasing","12","MR","CW",""
"10/21/2014 12:57:58","4","Chasing","2","UR","CW",""
"10/21/2014 12:59:32","4","Fighting","1","UL","CW",""
"10/21/2014 13:00:05","7","Chasing","11","UR","CW",""
"10/21/2014 13:00:30","4","Fighting","11","UR","CW",""
"10/21/2014 13:02:42","4","Chasing","11","LR","CW",""
"10/21/2014 13:06:41","4","Fighting","1","NB1","CW",""
"10/21/2014 13:10:15","4","Fighting","11","LL","CW",""
"10/21/2014 13:12:25","4","Chasing","2","MR","CW",""
"10/21/2014 13:18:23","4","Fighting","6","ML","CW",""
"10/21/2014 13:18:26","4","Fighting","6","ML","CW",""
"10/21/2014 13:21:39","10","Chasing","12","UL","CW",""
"10/21/2014 13:38:15","4","Fighting","12","UL","CW",""
"10/21/2014 13:41:10","4","Induce-flee","12","LL","CW",""
"10/21/2014 13:44:47","4","Chasing","7","UL","CW",""
"10/21/2014 13:46:22","4","Fighting","12","UL","CW",""
"10/21/2014 13:47:15","4","Fighting, Chasing","1","UL","CW",""
"10/21/2014 13:49:31","4","Chasing","5","UL","CW",""
"10/21/2014 13:50:24","4","Induce-flee","7","LR","CW",""
"10/21/2014 13:51:09","4","Chasing","7","UL","CW",""
"10/21/2014 13:55:01","4","Fighting","2","MR","CW",""
"10/21/2014 14:00:16","End","End","End","End","CW",""
"10/22/2014 12:59:50","Start","Start","Start","Start","AP",""
"10/22/2014 13:02:34","10","Subordinate","6","UR","AP",""
"10/22/2014 13:06:03","4","Chasing","2","LR","AP",""
"10/22/2014 13:07:37","4","Fighting","3","MR","AP",""
"10/22/2014 13:08:24","4","Chasing","7","UL","AP",""
"10/22/2014 13:14:00","6","Chasing","12","UL","AP",""
"10/22/2014 13:15:19","10","Chasing","3","UR","AP",""
"10/22/2014 13:15:47","4","Fighting","5","MR","AP",""
"10/22/2014 13:17:05","4","Chasing","8","MR","AP",""
"10/22/2014 13:23:39","4","Chasing","1","MR","AP",""
"10/22/2014 13:33:32","4","Fighting","12","MR","AP",""
"10/22/2014 13:34:12","4","Chasing","11","ML","AP",""
"10/22/2014 13:35:57","4","Chasing","11","LL","AP",""
"10/22/2014 13:36:44","4","Chasing","12","UL","AP",""
"10/22/2014 13:40:23","10","Chasing","6","UL","AP",""
"10/22/2014 13:42:08","10","Fighting","6","UR","AP",""
"10/22/2014 13:50:54","4","Chasing","2","UL","AP",""
"10/22/2014 13:57:00","4","Chasing, Mounting","1","UL","AP",""
"10/22/2014 14:00:13","4","Chasing","9","UL","AP",""
"10/22/2014 14:04:14","7","Chasing","12","UL","AP",""
"10/22/2014 14:04:33","4","Chasing","7","UL","AP",""
"10/22/2014 14:10:29","4","Chasing","12","UL","AP",""
"10/22/2014 14:12:34","4","Chasing","12","UL","AP",""
"10/22/2014 14:20:35","4","Chasing","12","UL","AP","4 and 12 only ones awake"
"10/22/2014 14:45:21","7","Chasing","6","LL","AP",""
"10/22/2014 14:47:31","4","Chasing","5","UL","AP",""
"10/22/2014 14:54:18","7","Fighting, Chasing","12","UR","AP",""
"10/22/2014 14:57:40","10","Fighting, Chasing","2","UL","AP",""
"10/22/2014 14:58:13","4","Fighting, Chasing","7","UL","AP",""
"10/22/2014 15:03:18","End","End","End","End","AP",""
"10/23/2014 11:59:23","Start","Start","Start","Start","WL",""
"10/23/2014 12:01:28","7","Chasing","11","UR","WL",""
"10/23/2014 12:02:01","4","Fighting, Chasing","12","MR","WL",""
"10/23/2014 12:03:08","7","Fighting","10","UR","WL",""
"10/23/2014 12:04:57","4","Chasing","7","LR","WL",""
"10/23/2014 12:05:16","4","Fighting, Chasing","12","LL","WL",""
"10/23/2014 12:09:04","4","Fighting","6, 8","UL","WL",""
"10/23/2014 12:09:29","4","Fighting, Subordinate","3","UL","WL",""
"10/23/2014 12:13:57","4","Induce-flee","7, 12","UR","WL",""
"10/23/2014 12:15:28","4","Induce-flee","1","UL","WL",""
"10/23/2014 12:15:41","4","Fighting, Chasing","9","ML","WL",""
"10/23/2014 12:16:34","4","Chasing","2","LR","WL",""
"10/23/2014 12:17:12","4","Fighting, Chasing, Subordinate","11","MR","WL",""
"10/23/2014 12:17:25","4","Fighting, Subordinate","10","MR","WL",""
"10/23/2014 12:25:40","4","Chasing","9","LR","WL",""
"10/23/2014 12:27:02","4","Induce-flee","1","MR","WL",""
"10/23/2014 12:27:55","4","Induce-flee","3","UL","WL",""
"10/23/2014 12:29:44","4","Fighting, Chasing","1","LL","WL",""
"10/23/2014 12:30:37","4","Fighting, Chasing, Subordinate","8, 12","MR","WL",""
"10/23/2014 12:31:11","4","Fighting, Chasing","2","MR","WL",""
"10/23/2014 12:32:48","7","Chasing","9, 11","UL","WL",""
"10/23/2014 12:33:41","7","Chasing","10","UL","WL",""
"10/23/2014 12:34:07","4","Fighting, Chasing","7, 11","UL","WL",""
"10/23/2014 12:34:39","4","Fighting, Chasing","9","MR","WL",""
"10/23/2014 12:36:50","4","Fighting, Chasing","3","NB2","WL",""
"10/23/2014 12:37:51","4","Chasing","7","UL","WL",""
"10/23/2014 12:38:32","4","Chasing","10","UL","WL",""
"10/23/2014 12:39:02","7","Fighting","10","UR","WL",""
"10/23/2014 12:40:31","4","Chasing","3","MR","WL",""
"10/23/2014 12:40:39","4","Chasing","3","MR","WL",""
"10/23/2014 12:41:04","4","Fighting, Chasing, Subordinate","5","LR","WL",""
"10/23/2014 12:43:34","4","Fighting, Chasing","1","ML","WL",""
"10/23/2014 12:44:38","4","Fighting, Chasing","3","MR","WL",""
"10/23/2014 12:46:22","4","Chasing","12","UL","WL",""
"10/23/2014 12:47:21","4","Chasing","9","UL","WL",""
"10/23/2014 12:48:51","4","Fighting, Chasing","12","UL","WL",""
"10/23/2014 12:50:17","4","Subordinate","9","UL","WL",""
"10/23/2014 12:50:31","4","Fighting, Chasing","3","LR","WL",""
"10/23/2014 12:55:20","7","Fighting, Chasing, Subordinate","10","UR","WL",""
"10/23/2014 12:56:50","4","Fighting, Chasing","1","MR","WL",""
"10/23/2014 12:57:34","4","Induce-flee","2, 12","UL","WL",""
"10/23/2014 12:58:32","4","Chasing","7","MR","WL",""
"10/23/2014 13:04:58","4","Fighting, Mounting","3","MR","WL",""
"10/23/2014 13:05:13","4","Fighting, Chasing, Subordinate","11","MR","WL",""
"10/23/2014 13:11:06","4","Fighting, Chasing","12","NB2","WL",""
"10/23/2014 13:11:45","7","Fighting, Chasing, Subordinate","1","UL","WL",""
"10/23/2014 13:12:47","7","Induce-flee","2","ML","WL",""
"10/23/2014 13:14:55","4","Fighting, Chasing","2","MR","WL",""
"10/23/2014 13:24:01","4","Fighting","3","LR","WL",""
"10/23/2014 13:25:12","4","Fighting, Chasing","12","MR","WL",""
"10/23/2014 13:34:25","7","Subordinate","9","UR","WL",""
"10/23/2014 13:40:12","7","Chasing","8","ML","WL",""
"10/23/2014 13:43:33","7","Induce-flee","9","UL","WL",""
"10/23/2014 13:45:11","7","Induce-flee","12","UL","WL",""
"10/23/2014 13:49:52","7","Chasing","3","MR","WL",""
"10/23/2014 13:51:00","7","Induce-flee","12","ML","WL",""
"10/23/2014 13:54:43","7","Chasing","12","MR","WL",""
"10/23/2014 13:58:41","4","Fighting, Chasing, Subordinate","7","UL","WL",""
"10/23/2014 14:00:42","End","End","End","End","WL",""
"10/23/2014 16:03:20","Start","Start","Start","Start","ZC",""
"10/23/2014 16:08:27","4","Fighting","1","UL","ZC",""
"10/23/2014 16:26:17","4","Chasing","7","ML","ZC",""
"10/23/2014 16:26:32","4","Chasing","2","UL","ZC",""
"10/23/2014 16:29:13","4","Chasing","6","ML","ZC",""
"10/23/2014 16:29:25","4","Chasing","5","UL","ZC",""
"10/23/2014 16:29:54","4","Induce-flee","11","UR","ZC",""
"10/23/2014 16:30:07","4","Fighting","10","MR","ZC",""
"10/23/2014 16:34:38","4","Fighting","5","MR","ZC",""
"10/23/2014 16:44:18","4","Induce-flee","1, 2, 6, 7, 10","UR","ZC",""
"10/23/2014 16:45:51","7","Chasing","2","ML","ZC",""
"10/23/2014 16:46:14","7","Fighting","10","UR","ZC",""
"10/23/2014 16:46:28","4","Fighting","6","MR","ZC",""
"10/23/2014 16:49:19","7","Fighting","1","UL","ZC",""
"10/23/2014 16:51:52","4","Fighting","3","MR","ZC",""
"10/23/2014 16:52:08","4","Induce-flee","11","MR","ZC",""
"10/23/2014 16:53:26","4","Fighting","5","MR","ZC",""
"10/23/2014 16:57:55","4","Chasing","12","MR","ZC",""
"10/23/2014 17:02:32","End","End","End","End","ZC",""
"10/24/2014 12:00:14","Start","Start","Start","Start","WL",""
"10/24/2014 12:03:27","7","Induce-flee","2","ML","WL",""
"10/24/2014 12:05:22","4","Fighting, Chasing","6","MR","WL",""
"10/24/2014 12:05:59","4","Chasing","7","UL","WL",""
"10/24/2014 12:07:13","4","Fighting, Chasing, Subordinate","1","MR","WL",""
"10/24/2014 12:10:39","7","Fighting, Chasing","10","UR","WL",""
"10/24/2014 12:11:23","4","Fighting, Chasing","6","MR","WL",""
"10/24/2014 12:12:01","4","Chasing","11","UL","WL",""
"10/24/2014 12:13:02","4","Fighting","2","UL","WL",""
"10/24/2014 12:13:22","4","Fighting, Chasing","8","UL","WL",""
"10/24/2014 12:13:58","4","Fighting","2","ML","WL",""
"10/24/2014 12:14:38","4","Chasing","12","ML","WL",""
"10/24/2014 12:16:05","4","Fighting, Chasing","6, 12","UL","WL",""
"10/24/2014 12:16:27","7","Fighting, Chasing, Mounting","2","UR","WL",""
"10/24/2014 12:16:43","4","Fighting, Chasing","3","LR","WL",""
"10/24/2014 12:17:08","4","Chasing","8","MR","WL",""
"10/24/2014 12:18:04","4","Chasing","7","UL","WL",""
"10/24/2014 12:18:44","4","Fighting","3, 8, 11","MR","WL",""
"10/24/2014 12:19:01","4","Fighting, Chasing, Subordinate","8","MR","WL",""
"10/24/2014 12:19:27","4","Fighting, Chasing","12","MR","WL",""
"10/24/2014 12:21:59","4","Chasing","2","MR","WL",""
"10/24/2014 12:22:33","4","Induce-flee","11","ML","WL",""
"10/24/2014 12:22:59","4","Chasing","5","UL","WL",""
"10/24/2014 12:23:26","4","Chasing","12","UL","WL",""
"10/24/2014 12:26:51","4","Fighting, Chasing","12","MR","WL",""
"10/24/2014 12:28:49","4","Chasing","1","ML","WL",""
"10/24/2014 12:29:32","6","Chasing","12","UL","WL",""
"10/24/2014 12:29:50","4","Fighting, Chasing","1","MR","WL",""
"10/24/2014 12:30:23","10","Fighting, Chasing","6","UL","WL",""
"10/24/2014 12:30:36","7","Fighting, Chasing","10","UR","WL",""
"10/24/2014 12:31:32","4","Fighting","5","MR","WL",""
"10/24/2014 12:33:00","4","Chasing","9","MR","WL",""
"10/24/2014 12:33:39","4","Fighting, Chasing","2","UL","WL",""
"10/24/2014 12:33:52","4","Induce-flee","5","UL","WL",""
"10/24/2014 12:34:56","4","Fighting, Chasing","8","UL","WL",""
"10/24/2014 12:35:28","4","Chasing","1, 6","UL","WL",""
"10/24/2014 12:36:30","4","Induce-flee","10","UL","WL",""
"10/24/2014 12:36:40","4","Fighting","2","ML","WL",""
"10/24/2014 12:37:52","6","Chasing","12","UL","WL",""
"10/24/2014 12:38:03","4","Fighting, Chasing","6","LL","WL",""
"10/24/2014 12:40:52","4","Fighting, Chasing","11","MR","WL",""
"10/24/2014 12:41:36","7","Fighting, Chasing","3","UR","WL",""
"10/24/2014 12:43:34","4","Chasing","5, 7","UL","WL",""
"10/24/2014 12:45:21","4","Fighting, Chasing, Subordinate","11","MR","WL",""
"10/24/2014 12:48:49","7","Fighting, Chasing","3","UL","WL",""
"10/24/2014 12:50:01","4","Chasing","7","LR","ZC",""
"10/24/2014 12:50:36","7","Chasing","3","ML","WL",""
"10/24/2014 12:50:58","7","Chasing","12","ML","WL",""
"10/24/2014 12:51:57","4","Chasing","7","MR","WL",""
"10/24/2014 12:53:23","7","Chasing","3, 5","UL","WL",""
"10/24/2014 12:54:12","4","Chasing","7","LL","WL",""
"10/24/2014 12:54:27","4","Subordinate","12","ML","WL",""
"10/24/2014 12:57:55","7","Fighting, Chasing","1, 10","UR","WL",""
"10/24/2014 12:58:30","7","Chasing","2","UR","WL",""
"10/24/2014 13:00:05","4","Induce-flee","2","MR","WL",""
"10/24/2014 13:01:01","7","Chasing","12","MR","WL",""
"10/24/2014 13:02:52","4","Chasing","8","UL","WL",""
"10/24/2014 13:04:41","4","Chasing","7","UL","WL",""
"10/24/2014 13:05:35","4","Fighting, Chasing","12","ML","WL",""
"10/24/2014 13:07:50","4","Induce-flee","3","LL","WL",""
"10/24/2014 13:09:14","4","Chasing","12","UL","WL",""
"10/24/2014 13:10:56","4","Chasing","3","UL","WL",""
"10/24/2014 13:12:06","4","Chasing","8","UL","WL",""
"10/24/2014 13:13:09","4","Chasing","11","UL","WL",""
"10/24/2014 13:13:35","4","Induce-flee","3, 5","UL","WL",""
"10/24/2014 13:15:38","4","Fighting, Chasing","12","ML","WL",""
"10/24/2014 13:20:05","4","Fighting, Chasing","12","NB3","WL",""
"10/24/2014 13:25:06","4","Fighting","3","LL","WL",""
"10/24/2014 13:26:11","7","Fighting","1","UR","WL",""
"10/24/2014 13:30:41","4","Chasing, Subordinate","7","UL","WL",""
"10/24/2014 13:32:47","4","Chasing","6","UL","WL",""
"10/24/2014 13:33:02","4","Fighting, Chasing, Subordinate","7","UR","WL",""
"10/24/2014 13:38:44","4","Chasing","6","UL","WL",""
"10/24/2014 13:40:16","4","Chasing","6","MR","WL",""
"10/24/2014 13:43:35","4","Chasing","9","UL","WL",""
"10/24/2014 13:46:34","4","Chasing","6","UL","WL",""
"10/24/2014 13:50:07","4","Induce-flee","7","ML","WL",""
"10/24/2014 13:50:40","7","Chasing","2","MR","WL",""
"10/24/2014 13:50:49","4","Chasing","7","UL","WL",""
"10/24/2014 13:51:20","4","Chasing","6","UL","WL",""
"10/24/2014 14:00:20","6","Chasing","2","ML","WL",""
"10/24/2014 14:00:47","End","End","End","End","WL",""
"10/25/2014 12:00:40","Start","Start","Start","Start","DG",""
"10/25/2014 12:09:47","4","Chasing","3","UL","DG","most of the mice are huddled ur"
"10/25/2014 12:10:41","4","Chasing","3","UL","DG",""
"10/25/2014 12:11:18","4","Chasing","3","UL","DG",""
"10/25/2014 12:15:46","3","Chasing","12","UL","DG",""
"10/25/2014 12:16:24","4","Chasing","12","UL","DG",""
"10/25/2014 12:18:24","4","Chasing","3","UL","DG",""
"10/25/2014 12:20:01","5","Chasing","7","UR","DG",""
"10/25/2014 12:20:58","4","Chasing","6","UL","DG",""
"10/25/2014 12:24:01","4","Chasing","6","UL","DG",""
"10/25/2014 12:24:39","4","Chasing","3","UL","DG",""
"10/25/2014 12:25:45","7","Fighting, Chasing","11","MR","DG",""
"10/25/2014 12:30:42","4","Fighting, Chasing","9","MR","DG",""
"10/25/2014 12:34:33","4","Fighting, Chasing","6","MR","DG",""
"10/25/2014 12:35:35","4","Fighting, Chasing","11","LR","DG",""
"10/25/2014 12:40:07","4","Fighting, Chasing","6","MR","DG",""
"10/25/2014 12:41:02","4","Fighting, Chasing","3","MR","DG",""
"10/25/2014 12:43:00","7","Fighting, Chasing, Mounting","11","UL","DG",""
"10/25/2014 12:43:28","7","Chasing","2","UR","DG",""
"10/25/2014 12:47:53","4","Fighting, Chasing","8","MR","DG",""
"10/25/2014 12:49:05","4","Fighting, Chasing","1","MR","DG",""
"10/25/2014 12:53:34","7","Fighting, Induce-flee","1","UL","DG",""
"10/25/2014 12:54:39","7","Fighting, Chasing","10","UL","DG",""
"10/25/2014 12:57:54","4","Chasing","5","MR","DG",""
"10/25/2014 12:59:39","4","Chasing","7","MR","DG",""
"10/25/2014 13:01:08","4","Chasing","9","MR","DG",""
"10/25/2014 13:04:55","7","Fighting, Chasing","10","UL","DG",""
"10/25/2014 13:08:15","9","Chasing","12","UL","DG",""
"10/25/2014 13:09:01","4","Induce-flee","12","MR","DG",""
"10/25/2014 13:11:22","4","Fighting, Chasing","9","ML","DG",""
"10/25/2014 13:15:18","4","Chasing","8","UL","DG",""
"10/25/2014 13:24:18","4","Chasing","7","MR","DG",""
"10/25/2014 13:27:07","4","Chasing","2","MR","DG",""
"10/25/2014 14:01:16","End","End","End","End","DG","for the last 40 min most mice except 4 huddled ur. no real activity"
"10/26/2014 14:03:32","Start","Start","Start","Start","ZC",""
"10/26/2014 14:13:50","4","Fighting","3","UR","ZC",""
"10/26/2014 14:17:50","7","Fighting","12","UR","ZC",""
"10/26/2014 14:18:05","7","Fighting","1","UR","ZC",""
"10/26/2014 14:26:52","4","Fighting","7","UR","ZC",""
"10/26/2014 15:03:36","12","Chasing","2","MR","ZC",""
"10/26/2014 15:04:08","10","Fighting","12","UR","ZC",""
"10/26/2014 15:04:42","6","Chasing","10","UL","ZC",""
"10/26/2014 15:07:26","4","Induce-flee","6","LL","ZC",""
"10/26/2014 15:07:55","10","Fighting","6","UL","ZC",""
"10/26/2014 15:08:28","10","Fighting","12","UR","ZC",""
"10/26/2014 15:13:10","4","Chasing","3","MR","ZC",""
"10/26/2014 15:13:58","4","Chasing","12","LR","ZC",""
"10/26/2014 15:14:57","4","Induce-flee","5","UL","ZC",""
"10/26/2014 15:15:29","4","Induce-flee","3","UR","ZC",""
"10/26/2014 15:15:42","4","Fighting","6","UL","ZC",""
"10/26/2014 15:16:42","1","Fighting","12","UL","ZC",""
"10/26/2014 15:16:57","4","Induce-flee","1","UL","ZC",""
"10/26/2014 15:18:31","10","Chasing","5","UR","ZC",""
"10/26/2014 15:19:45","4","Fighting","2","MR","ZC",""
"10/26/2014 15:20:00","4","Chasing","1","LL","ZC",""
"10/26/2014 15:22:04","4","Chasing","3","LL","ZC",""
"10/26/2014 15:27:24","4","Chasing","3","LL","ZC",""
"10/26/2014 15:27:46","4","Chasing","7","UL","ZC",""
"10/26/2014 15:29:37","4","Induce-flee","2","UL","ZC",""
"10/26/2014 15:29:53","4","Chasing","12","UL","ZC",""
"10/26/2014 15:31:54","4","Induce-flee","10","UL","ZC",""
"10/26/2014 15:39:15","4","Subordinate","9","UL","ZC",""
"10/26/2014 15:39:51","4","Chasing","6","UL","ZC",""
"10/26/2014 15:40:31","4","Fighting","6","LL","ZC",""
"10/26/2014 15:42:44","4","Induce-flee","7","LR","ZC",""
"10/26/2014 15:50:35","4","Induce-flee","9","UR","ZC",""
"10/26/2014 15:53:17","4","Induce-flee","2","UL","ZC",""
"10/26/2014 15:53:33","4","Induce-flee","9","UL","ZC",""
"10/26/2014 15:54:04","4","Induce-flee","6","UL","ZC",""
"10/26/2014 15:54:20","4","Induce-flee","12","UL","ZC",""
"10/26/2014 15:56:07","4","Fighting","7","MR","ZC",""
"10/26/2014 15:57:59","4","Chasing","2","ML","ZC",""
"10/26/2014 16:00:44","End","End","End","End","ZC",""
"10/27/2014 12:11:53","Start","Start","Start","Start","WL",""
"10/27/2014 12:12:57","9","Fighting, Chasing, Mounting","3","UL","WL",""
"10/27/2014 12:14:40","4","Fighting, Chasing, Subordinate","9","UL","WL",""
"10/27/2014 12:15:01","4","Fighting, Chasing","9","UL","WL",""
"10/27/2014 12:16:12","4","Fighting","1","MR","WL",""
"10/27/2014 12:16:36","4","Fighting, Chasing","3","ML","WL",""
"10/27/2014 12:17:18","4","Chasing","1, 3","UL","WL",""
"10/27/2014 12:21:05","4","Chasing","11","UL","WL",""
"10/27/2014 12:22:36","4","Chasing","7","UL","WL",""
"10/27/2014 12:23:02","4","Fighting, Chasing","1","ML","WL",""
"10/27/2014 12:23:46","4","Fighting","5","MR","WL",""
"10/27/2014 12:24:27","4","Fighting, Chasing","3, 8","UL","WL",""
"10/27/2014 12:24:54","4","Fighting, Chasing","1, 10, 11","UL","WL",""
"10/27/2014 12:25:57","4","Fighting, Chasing","9","MR","WL",""
"10/27/2014 12:26:18","4","Fighting, Chasing","3","LL","WL",""
"10/27/2014 12:26:28","4","Fighting, Chasing","1","MR","WL",""
"10/27/2014 12:28:20","4","Chasing","2","MR","WL",""
"10/27/2014 12:34:40","4","Chasing","3, 6","MR","WL",""
"10/27/2014 12:37:28","4","Fighting, Chasing, Subordinate","9","UL","WL",""
"10/27/2014 12:38:51","4","Chasing","1","MR","WL",""
"10/27/2014 12:39:37","4","Chasing","5","UL","WL",""
"10/27/2014 12:41:22","4","Chasing","9","UL","WL",""
"10/27/2014 12:42:56","7","Fighting, Chasing, Subordinate","10","UR","WL",""
"10/27/2014 12:43:05","7","Chasing","6","UL","WL",""
"10/27/2014 12:43:57","4","Chasing","7","UL","WL",""
"10/27/2014 12:47:02","4","Chasing","1","UL","WL",""
"10/27/2014 13:01:18","1","Chasing","2","UR","WL",""
"10/27/2014 13:02:59","4","Induce-flee","1","MR","WL",""
"10/27/2014 13:04:14","4","Chasing","2","UL","WL",""
"10/27/2014 13:05:22","4","Chasing","10","UL","WL",""
"10/27/2014 13:15:13","4","Fighting, Chasing, Subordinate","1","MR","WL",""
"10/27/2014 13:20:44","4","Chasing","12","UL","WL",""
"10/27/2014 13:21:18","4","Fighting","7","UR","WL",""
"10/27/2014 13:23:33","4","Chasing","3","UL","WL",""
"10/27/2014 13:23:52","4","Induce-flee","7","UR","WL",""
"10/27/2014 13:24:42","4","Induce-flee","12","UL","WL",""
"10/27/2014 13:25:29","4","Fighting, Chasing","3","ML","WL",""
"10/27/2014 13:28:48","4","Chasing, Subordinate","12","UL","WL",""
"10/27/2014 13:29:52","4","Chasing","3","MR","WL",""
"10/27/2014 13:31:50","4","Chasing","12","UL","WL",""
"10/27/2014 13:33:04","3, 12","Fighting","3, 12","UR","WL","might hab"
"10/27/2014 13:34:28","4","Chasing","12","UL","WL","previous 3 and 12 might have been tied"
"10/27/2014 13:35:15","4","Chasing","3","UL","WL",""
"10/27/2014 13:38:28","2","Chasing","12","UR","WL",""
"10/27/2014 13:39:25","4","Fighting, Chasing","12","UL","WL",""
"10/27/2014 13:41:32","4","Chasing","3","UL","WL",""
"10/27/2014 13:51:25","7","Chasing","6","UL","WL",""
"10/27/2014 13:53:49","7","Fighting, Chasing, Subordinate","10","UL","WL",""
"10/27/2014 13:59:32","2","Fighting","6","UL","WL",""
"10/27/2014 14:01:44","7","Fighting, Chasing","2","UL","WL",""
"10/27/2014 14:01:59","7","Fighting, Chasing, Subordinate","10","UR","WL",""
"10/27/2014 14:06:30","6","Chasing","8","UL","WL",""
"10/27/2014 14:13:12","7","Chasing","6","UL","WL",""
"10/27/2014 14:14:24","End","End","End","End","WL","I think I got confused with 2 and 6 fight today(only one event for these two mice today). I am not 100% sure"
"10/28/2014 12:00:34","Start","Start","Start","Start","CW",""
"10/28/2014 12:03:13","1","Fighting","2","UR","CW",""
"10/28/2014 12:03:51","7","Chasing","6","UL","CW",""
"10/28/2014 12:08:10","7","Chasing","4","UL","CW",""
"10/28/2014 12:08:40","7","Chasing","2","ML","CW",""
"10/28/2014 12:13:52","4","Chasing","2","UL","CW",""
"10/28/2014 12:17:58","4","Chasing","11","ML","CW",""
"10/28/2014 12:19:19","4","Chasing","1","MR","CW",""
"10/28/2014 12:26:17","4","Chasing","7","LR","CW",""
"10/28/2014 12:28:18","4","Fighting, Chasing","8","MR","CW",""
"10/28/2014 12:29:20","4","Induce-flee","8","MR","CW",""
"10/28/2014 12:34:24","4","Fighting","2","MR","CW",""
"10/28/2014 12:36:34","4","Chasing","11","LL","CW",""
"10/28/2014 12:37:12","4","Fighting","2","MR","CW",""
"10/28/2014 12:54:08","4","Induce-flee","9","MR","CW",""
"10/28/2014 13:03:42","4","Induce-flee","7","MR","CW",""
"10/28/2014 13:14:32","7","Fighting, Chasing","10","UL","CW",""
"10/28/2014 13:17:17","6","Chasing","1","MR","CW",""
"10/28/2014 13:19:30","6","Mounting","12","MR","CW",""
"10/28/2014 13:20:14","7","Chasing","10","AllOver","CW",""
"10/28/2014 13:24:03","4","Chasing","7","MR","CW",""
"10/28/2014 13:26:20","4","Fighting","12","MR","CW",""
"10/28/2014 13:26:23","4","Fighting","12","MR","CW",""
"10/28/2014 13:26:40","4","Fighting","9","MR","CW",""
"10/28/2014 13:30:46","7","Chasing","9","UR","CW",""
"10/28/2014 13:33:55","4","Induce-flee","8","ML","CW",""
"10/28/2014 13:37:11","4","Subordinate","5","UL","CW",""
"10/28/2014 13:40:11","4","Chasing","1","UL","CW",""
"10/28/2014 13:44:12","4","Chasing","1","MR","CW",""
"10/28/2014 13:51:14","4","Chasing","5","MR","CW",""
"10/28/2014 14:00:18","End","End","End","End","CW",""
"10/29/2014 13:00:10","Start","Start","Start","Start","AP",""
"10/29/2014 13:05:17","4","Chasing","1","UL","AP",""
"10/29/2014 13:05:29","4","Chasing","6","UR","AP",""
"10/29/2014 13:06:18","4","Chasing","12","UR","AP",""
"10/29/2014 13:07:07","4","Chasing","2","MR","AP",""
"10/29/2014 13:11:10","5","Chasing","3","ML","AP",""
"10/29/2014 13:11:46","5, 12","Fighting","5, 12","UR","AP",""
"10/29/2014 13:15:10","5","Fighting, Chasing","3","UL","AP",""
"10/29/2014 13:17:31","10","Chasing","2","UR","AP",""
"10/29/2014 13:18:11","5","Fighting, Chasing","2","ML","AP",""
"10/29/2014 13:22:28","7","Chasing","10","ML","AP",""
"10/29/2014 13:25:57","7","Chasing","10","UR","AP",""
"10/29/2014 13:27:33","7","Chasing","6","UL","AP",""
"10/29/2014 13:28:59","10","Chasing","6","UL","AP",""
"10/29/2014 13:29:36","4","Fighting, Chasing","7","MR","AP",""
"10/29/2014 13:37:30","4","Chasing","8","UL","AP",""
"10/29/2014 13:38:45","4","Chasing","3","MR","AP",""
"10/29/2014 13:46:51","4","Fighting, Chasing","1","UL","AP",""
"10/29/2014 13:47:12","4","Chasing","8","UL","AP",""
"10/29/2014 14:14:28","4","Chasing","8","UL","AP",""
"10/29/2014 14:29:56","4","Fighting, Chasing","8","LL","AP",""
"10/29/2014 14:33:25","4","Chasing","3","UL","AP",""
"10/29/2014 14:41:32","4","Chasing","8","UL","AP",""
"10/29/2014 14:44:20","4","Chasing","6","UL","AP",""
"10/29/2014 14:45:37","4","Chasing","5","UL","AP",""
"10/29/2014 14:48:30","4","Chasing","6","UL","AP",""
"10/29/2014 14:49:30","4","Chasing","12","UL","AP",""
"10/29/2014 14:52:13","7","Chasing","10","UR","AP",""
"10/29/2014 14:53:18","4","Chasing","12","MR","AP",""
"10/29/2014 14:58:12","7","Chasing","10","UR","AP",""
"10/29/2014 15:00:28","End","End","End","End","AP",""
"10/30/2014 12:01:05","Start","Start","Start","Start","WL",""
"10/30/2014 12:03:32","4","Fighting, Chasing, Subordinate","11","MR","WL",""
"10/30/2014 12:03:54","4","Fighting, Chasing","3","UL","WL",""
"10/30/2014 12:11:01","4","Fighting, Chasing","3","MR","WL",""
"10/30/2014 12:13:53","4","Fighting, Chasing, Subordinate","12","LR","WL",""
"10/30/2014 12:15:59","7","Fighting, Chasing, Subordinate","10","UL","WL",""
"10/30/2014 12:18:05","7","Fighting, Chasing, Subordinate","10","UL","WL",""
"10/30/2014 12:20:26","4","Chasing, Subordinate","8","UL","WL",""
"10/30/2014 12:20:42","4","Chasing","12","ML","WL",""
"10/30/2014 12:21:35","4","Chasing","3","UL","WL",""
"10/30/2014 12:22:00","10","Fighting, Chasing","2","UR","WL",""
"10/30/2014 12:23:18","7","Fighting, Chasing, Subordinate","10","UR","WL",""
"10/30/2014 12:24:36","4","Chasing","3","UL","WL",""
"10/30/2014 12:25:33","4","Fighting, Chasing","6","MR","WL",""
"10/30/2014 12:27:34","7","Fighting, Subordinate","10","UR","WL",""
"10/30/2014 12:30:20","4","Chasing","2","UL","WL",""
"10/30/2014 12:31:07","4","Chasing","6","UL","WL",""
"10/30/2014 12:32:14","4","Fighting, Chasing","8","MR","WL",""
"10/30/2014 12:34:12","4","Chasing","11","UL","WL",""
"10/30/2014 12:36:12","10","Chasing","6","UR","WL",""
"10/30/2014 12:37:26","3","Chasing","2","UL","WL",""
"10/30/2014 12:39:39","4","Fighting, Chasing","12","UL","WL",""
"10/30/2014 12:41:04","10","Chasing","6","UL","WL",""
"10/30/2014 12:41:57","10","Chasing","11","UR","WL",""
"10/30/2014 12:42:25","10","Fighting, Chasing","3","UR","WL",""
"10/30/2014 12:44:46","4","Fighting, Chasing, Subordinate","12","MR","WL",""
"10/30/2014 12:45:22","4","Chasing","6","UL","WL",""
"10/30/2014 12:45:47","4","Chasing","11","UL","WL",""
"10/30/2014 12:46:33","4","Chasing","2","LR","WL",""
"10/30/2014 12:47:05","4","Fighting, Chasing","1","MR","WL",""
"10/30/2014 12:47:18","4","Fighting","12","ML","WL",""
"10/30/2014 12:47:33","4","Chasing","6","MR","WL",""
"10/30/2014 12:51:18","4","Chasing, Subordinate","12","ML","WL",""
"10/30/2014 12:52:14","4","Chasing, Subordinate","9","UL","WL",""
"10/30/2014 12:53:57","2","Chasing","1","UL","WL",""
"10/30/2014 12:54:55","7","Chasing","12","ML","WL",""
"10/30/2014 12:56:54","9","Fighting, Chasing","2","UR","WL",""
"10/30/2014 12:57:13","4","Fighting, Chasing, Subordinate","10","MR","WL",""
"10/30/2014 12:59:29","4","Chasing","5","LL","WL",""
"10/30/2014 13:00:12","4","Fighting, Chasing","5","MR","WL",""
"10/30/2014 13:03:08","4","Subordinate","12","MR","WL",""
"10/30/2014 13:05:05","3","Fighting, Chasing","12","UL","WL",""
"10/30/2014 13:06:44","3","Chasing","6","UL","WL",""
"10/30/2014 13:07:56","10","Chasing","1","UL","WL",""
"10/30/2014 13:08:35","10","Chasing","9","UL","WL",""
"10/30/2014 13:10:34","10","Chasing","8","UL","WL",""
"10/30/2014 13:10:44","10","Fighting","9","UR","WL",""
"10/30/2014 13:10:54","7","Chasing","10","UR","WL",""
"10/30/2014 13:12:10","7","Fighting, Chasing","10","UR","WL",""
"10/30/2014 13:14:06","4","Fighting, Chasing","6, 7","MR","WL","6 and 7 both"
"10/30/2014 13:14:22","7","Fighting","9","MR","WL",""
"10/30/2014 13:14:51","7","Fighting, Chasing","10","UR","WL",""
"10/30/2014 13:15:01","4","Chasing","10","UL","WL",""
"10/30/2014 13:17:30","7","Fighting, Chasing, Subordinate","1","UL","WL",""
"10/30/2014 13:17:44","4","Chasing","7","UL","WL",""
"10/30/2014 13:19:19","4","Fighting, Chasing","9","MR","WL",""
"10/30/2014 13:21:16","4","Fighting, Chasing","12","LR","WL",""
"10/30/2014 13:21:51","9","Fighting, Chasing, Subordinate","12","UR","WL",""
"10/30/2014 13:27:39","4","Chasing","8","UR","WL",""
"10/30/2014 13:34:08","4","Chasing","3","UL","WL",""
"10/30/2014 13:37:13","4","Fighting, Chasing","3","MR","WL",""
"10/30/2014 13:40:21","4","Chasing","9","UL","WL",""
"10/30/2014 13:43:00","4","Induce-flee","11","UR","WL",""
"10/30/2014 13:44:26","4","Fighting","2","MR","WL",""
"10/30/2014 13:46:44","4","Fighting, Subordinate","6, 10","UR","WL","5 seems to fight back when 4 attacks their colony? anyway where they gather and s"
"10/30/2014 13:49:58","4","Fighting, Chasing, Subordinate","2","UL","WL","*gather and sleep"
"10/30/2014 13:50:12","4","Induce-flee","7","UR","WL",""
"10/30/2014 13:53:47","7","Fighting","2","UR","WL",""
"10/30/2014 13:58:03","7","Chasing","2","UL","WL",""
"10/30/2014 13:58:38","7","Chasing","2","UL","WL",""
"10/30/2014 14:00:11","End","End","End","End","WL",""
"10/31/2014 12:01:36","Start","Start","Start","Start","WL",""
"10/31/2014 12:01:56","7","Fighting, Chasing","10","UL","WL",""
"10/31/2014 12:02:25","7","Fighting, Chasing, Subordinate","2","UL","WL",""
"10/31/2014 12:04:54","7","Fighting, Chasing","2","UL","WL",""
"10/31/2014 12:05:09","7","Induce-flee","12","UL","WL",""
"10/31/2014 12:05:54","10","Fighting, Chasing, Subordinate","3","UR","WL",""
"10/31/2014 12:06:15","7","Fighting","11","UR","WL",""
"10/31/2014 12:06:38","7","Fighting, Chasing","10","UR","WL",""
"10/31/2014 12:08:00","7","Fighting, Chasing","5","LL","WL",""
"10/31/2014 12:08:17","10","Fighting, Chasing","2","UR","WL",""
"10/31/2014 12:08:47","4","Fighting, Chasing","3","LL","WL",""
"10/31/2014 12:11:36","4","Fighting, Chasing","5","LL","WL",""
"10/31/2014 12:14:56","4","Fighting, Chasing","5","MR","WL","5 suddenly fell off from UR to MR. (between the window and the shelf)"
"10/31/2014 12:16:19","7","Fighting, Chasing","10","UR","WL",""
"10/31/2014 12:17:13","4","Fighting","10","MR","WL",""
"10/31/2014 12:20:21","4","Fighting, Chasing","3","MR","WL",""
"10/31/2014 12:20:35","4","Fighting, Chasing","6","UL","WL",""
"10/31/2014 12:22:15","7","Fighting, Chasing","1","UR","WL",""
"10/31/2014 12:26:00","4","Fighting, Chasing","9","LL","WL",""
"10/31/2014 12:29:09","4","Fighting, Chasing","12","ML","WL",""
"10/31/2014 12:29:48","4","Induce-flee","8","MR","WL",""
"10/31/2014 12:30:21","4","Fighting, Chasing","1","MR","WL",""
"10/31/2014 12:31:35","7","Fighting, Chasing","10","UR","WL",""
"10/31/2014 12:32:36","4","Fighting, Chasing","3","LL","WL",""
"10/31/2014 12:32:45","7","Fighting, Chasing","6","UL","WL",""
"10/31/2014 12:33:16","4","Chasing","8","UL","WL",""
"10/31/2014 12:35:25","10","Fighting, Chasing","1","UR","WL",""
"10/31/2014 12:36:35","4","Chasing","12","ML","WL",""
"10/31/2014 12:39:11","10","Fighting, Chasing, Subordinate","2","UR","WL",""
"10/31/2014 12:42:20","10","Chasing","2","UR","WL",""
"10/31/2014 12:43:28","10","Chasing","3","UR","WL",""
"10/31/2014 12:45:07","4","Fighting, Chasing, Subordinate","1","UL","WL",""
"10/31/2014 12:45:21","10","Fighting, Chasing","3","UR","WL",""
"10/31/2014 12:45:31","4","Fighting, Chasing","3","UL","WL",""
"10/31/2014 12:46:29","10","Fighting, Chasing","3, 9","UR","WL",""
"10/31/2014 12:47:47","7","Chasing","10","UR","WL",""
"10/31/2014 12:49:12","2","Chasing","1","UL","WL",""
"10/31/2014 12:52:56","4","Induce-flee","8","ML","WL",""
"10/31/2014 12:54:16","4","Fighting, Chasing","12","ML","WL",""
"10/31/2014 12:57:45","4","Fighting, Chasing, Subordinate","12","MR","WL",""
"10/31/2014 12:58:32","4","Fighting, Chasing","9","LR","WL",""
"10/31/2014 12:58:50","4","Chasing","5, 7","UL","WL",""
"10/31/2014 12:59:36","4","Fighting, Chasing","1","MR","WL",""
"10/31/2014 13:03:04","7","Fighting, Chasing, Mounting","10","UR","WL",""
"10/31/2014 13:04:03","7","Chasing","10","UR","WL",""
"10/31/2014 13:10:35","10","Chasing","2","UR","WL","8 also fell through the gap btw the window and the shelf from UR amd MR. 8 was hanging to the shelf upside dowm for a minute, seemed like panicking."
"10/31/2014 13:11:08","10","Fighting, Chasing","2","UL","WL",""
"10/31/2014 13:14:06","10","Chasing","5","UL","WL",""
"10/31/2014 13:14:16","7","Chasing","10","UR","WL",""
"10/31/2014 13:15:39","4","Induce-flee","7","UL","WL",""
"10/31/2014 13:17:05","4","Chasing","5","UL","WL",""
"10/31/2014 13:20:51","4","Chasing","2","UL","WL",""
"10/31/2014 13:26:34","4","Fighting, Chasing","2","UL","WL",""
"10/31/2014 13:31:16","4","Chasing","3","UL","WL",""
"10/31/2014 13:52:17","7","Chasing","11","UL","WL",""
"10/31/2014 13:52:35","7","Fighting, Chasing","10","UR","WL",""
"10/31/2014 13:53:58","7","Fighting, Chasing","10","UR","WL",""
"10/31/2014 13:55:14","7","Chasing","10","UR","WL",""
"10/31/2014 14:00:06","7","Fighting, Chasing, Subordinate","1","UR","WL",""
"10/31/2014 14:00:19","7","Fighting, Subordinate","6","UR","WL",""
"10/31/2014 14:00:30","7","Chasing","10","UL","WL",""
"10/31/2014 14:01:15","End","End","End","End","WL",""
"11/1/2014 12:55:33","Start","Start","Start","Start","CW",""
"11/1/2014 12:56:05","7","Fighting","8","UR","CW",""
"11/1/2014 12:56:48","7","Fighting, Chasing","10","UL","CW",""
"11/1/2014 12:57:30","4","Chasing","9","UL","CW",""
"11/1/2014 12:57:48","4","Chasing","8","MR","CW",""
"11/1/2014 13:02:48","4","Chasing","9","ML","CW",""
"11/1/2014 13:08:08","4","Induce-flee","11","LR","CW",""
"11/1/2014 13:08:22","4","Induce-flee","9","ML","CW",""
"11/1/2014 13:09:41","4","Chasing","8","ML","CW",""
"11/1/2014 13:10:11","4","Induce-flee","3","UL","CW",""
"11/1/2014 13:14:47","4","Chasing","1","MR","CW",""
"11/1/2014 13:19:40","4","Induce-flee","9","UL","CW",""
"11/1/2014 13:23:57","4","Chasing","3","UR","CW",""
"11/1/2014 13:41:17","4","Fighting","8","MR","CW",""
"11/1/2014 13:45:36","4","Fighting","3","UR","CW",""
"11/1/2014 13:48:57","4","Chasing","3","UL","CW",""
"11/1/2014 13:59:51","4","Subordinate","7","UR","CW",""
"11/1/2014 14:00:06","End","End","End","End","CW",""
"11/1/2014 14:05:57","Start","Start","Start","Start","WL",""
"11/1/2014 14:08:32","10","Chasing","6","UL","WL",""
"11/1/2014 14:10:35","7","Fighting, Chasing","10","UR","WL",""
"11/1/2014 14:12:00","7","Fighting, Chasing, Subordinate","3, 6","UR","WL",""
"11/1/2014 14:12:31","4","Chasing","7","UL","WL",""
"11/1/2014 14:14:03","4","Chasing","12","UL","WL",""
"11/1/2014 14:15:44","4","Chasing","12","MR","WL",""
"11/1/2014 14:16:38","4","Fighting, Chasing","2, 8","LL","WL",""
"11/1/2014 14:21:23","4","Chasing","10","UL","WL",""
"11/1/2014 14:23:23","7","Fighting, Chasing","10","UR","WL",""
"11/1/2014 14:23:54","7","Fighting, Chasing","10","UR","WL",""
"11/1/2014 14:25:13","7","Fighting, Chasing","10","UR","WL",""
"11/1/2014 14:26:32","7","Fighting","10","UR","WL",""
"11/1/2014 14:28:11","7","Fighting, Chasing","10","UR","WL",""
"11/1/2014 14:28:25","4","Fighting, Subordinate","7","UR","WL",""
"11/1/2014 14:29:02","4","Fighting, Chasing","8","UL","WL",""
"11/1/2014 14:31:04","7","Fighting, Chasing","10","UR","WL",""
"11/1/2014 14:32:16","4","Fighting, Chasing","11","UL","WL",""
"11/1/2014 14:32:38","4","Chasing","3","UL","WL",""
"11/1/2014 14:34:45","10","Fighting, Subordinate","1","UR","WL",""
"11/1/2014 14:35:12","4","Fighting","11","UR","WL",""
"11/1/2014 14:36:00","10","Fighting, Chasing","6","UR","WL",""
"11/1/2014 14:36:11","7","Fighting, Chasing, Mounting","10","UR","WL",""
"11/1/2014 14:39:43","7","Chasing","10","UR","WL",""
"11/1/2014 14:45:20","9","Fighting, Chasing, Subordinate","5","UL","WL",""
"11/1/2014 14:49:07","3","Chasing","12","UR","WL",""
"11/1/2014 14:49:18","10","Fighting, Chasing","6","UR","WL",""
"11/1/2014 14:49:34","7","Fighting, Chasing","11","UR","WL",""
"11/1/2014 14:52:16","5","Fighting, Chasing, Subordinate","6","UR","WL","intense "
"11/1/2014 14:53:46","10","Fighting, Subordinate","12","UR","WL",""
"11/1/2014 14:55:38","5","Fighting, Chasing, Subordinate","6","ML","WL",""
"11/1/2014 14:57:46","10","Fighting, Chasing","6, 9, 12","UR","WL",""
"11/1/2014 15:02:26","10","Fighting, Chasing","12","UL","WL",""
"11/1/2014 15:02:55","10","Fighting, Chasing","6","UL","WL",""
"11/1/2014 15:05:24","End","End","End","End","WL",""
"11/2/2014 14:05:33","Start","Start","Start","Start","ZC","started at 202"
"11/2/2014 14:09:38","4","Fighting","6","UL","ZC",""
"11/2/2014 14:09:53","4","Induce-flee","8","UR","ZC",""
"11/2/2014 14:11:20","5","Fighting","6","UL","ZC",""
"11/2/2014 14:16:22","4","Induce-flee","6","UR","ZC",""
"11/2/2014 14:20:06","4","Fighting","1","ML","ZC",""
"11/2/2014 14:38:12","4","Induce-flee","12","UL","ZC",""
"11/2/2014 14:44:34","3","Induce-flee","3","UR","ZC",""
"11/2/2014 14:44:54","3","Induce-flee","7","UR","ZC",""
"11/2/2014 14:52:06","4","Fighting","7","UL","ZC",""
"11/2/2014 15:03:24","4","Chasing","3","UL","ZC",""
"11/2/2014 15:05:04","4","Induce-flee","12","UR","ZC",""
"11/2/2014 15:05:18","4","Induce-flee","7","UR","ZC",""
"11/2/2014 15:16:11","4","Induce-flee","3","UL","ZC",""
"11/2/2014 15:17:55","4","Subordinate","7","MR","ZC",""
"11/2/2014 15:18:10","4","Fighting","7","UR","ZC",""
"11/2/2014 15:18:29","4","Chasing","3","ML","ZC",""
"11/2/2014 15:20:15","4","Chasing","6","UL","ZC",""
"11/2/2014 15:21:23","2","Chasing","6","UL","ZC",""
"11/2/2014 15:22:03","4","Chasing","2","UL","ZC",""
"11/2/2014 15:22:21","4","Fighting","12","UR","ZC",""
"11/2/2014 15:26:58","5","Fighting","2","UR","ZC",""
"11/2/2014 15:27:21","4","Fighting","8","UL","ZC",""
"11/2/2014 15:28:09","4","Induce-flee","9","UL","ZC",""
"11/2/2014 15:28:29","4","Fighting","10","UL","ZC",""
"11/2/2014 15:30:12","4","Induce-flee","9","UL","ZC",""
"11/2/2014 15:33:46","4","Fighting","3","LL","ZC",""
"11/2/2014 15:35:14","3","Chasing","7","UL","ZC",""
"11/2/2014 15:35:28","4","Fighting","1","ML","ZC",""
"11/2/2014 15:37:34","4","Fighting","3","ML","ZC",""
"11/2/2014 15:37:47","4","Induce-flee","6","UL","ZC",""
"11/2/2014 15:38:13","4","Subordinate","12","UL","ZC",""
"11/2/2014 15:39:02","4","Fighting","3","UL","ZC",""
"11/2/2014 15:41:48","3","Induce-flee","8","UL","ZC",""
"11/2/2014 15:42:49","6","Fighting","10","UR","ZC",""
"11/2/2014 15:44:16","3","Fighting","8","LR","ZC",""
"11/2/2014 15:45:31","10","Fighting","12","UR","ZC",""
"11/2/2014 15:50:23","4","Fighting","2","LL","ZC",""
"11/2/2014 16:02:39","End","End","End","End","ZC",""
"11/3/2014 11:59:38","Start","Start","Start","Start","WL",""
"11/3/2014 12:04:59","9","Fighting, Chasing, Mounting","3","UR","WL",""
"11/3/2014 12:10:48","9","Fighting, Chasing, Subordinate","5","MR","WL",""
"11/3/2014 12:12:39","2","Fighting, Chasing","8","UR","WL",""
"11/3/2014 12:20:18","7","Chasing","5","UL","WL",""
"11/3/2014 12:24:06","4","Chasing","11","UL","WL",""
"11/3/2014 12:25:21","4","Fighting, Chasing","7","MR","WL",""
"11/3/2014 12:25:52","4","Fighting, Chasing","8","UL","WL",""
"11/3/2014 12:27:41","4","Chasing","1","UL","WL",""
"11/3/2014 12:32:39","4","Chasing","11","UL","WL",""
"11/3/2014 12:33:30","4","Chasing","5","MR","WL",""
"11/3/2014 12:36:01","4","Chasing","11","UL","WL",""
"11/3/2014 12:36:14","9","Fighting","11","UR","WL",""
"11/3/2014 12:38:24","4","Chasing","5","UL","WL",""
"11/3/2014 12:41:39","4","Induce-flee","3","UR","WL",""
"11/3/2014 12:42:53","4","Fighting, Chasing, Subordinate","2, 7","UR","WL",""
"11/3/2014 12:52:54","10","Fighting, Chasing, Subordinate","3, 12","UR","WL","very quiet today... most of them (about 9~10 mice) are sleeping"
"11/3/2014 12:58:14","7","Fighting, Chasing","10","UR","WL",""
"11/3/2014 12:58:26","4","Induce-flee","7","MR","WL",""
"11/3/2014 13:00:19","4","Fighting, Chasing, Subordinate","7","UR","WL",""
"11/3/2014 13:12:43","4","Fighting","8","UR","WL",""
"11/3/2014 13:28:09","4","Fighting, Chasing, Subordinate","1","UR","WL",""
"11/3/2014 13:30:40","4","Induce-flee","6","UR","WL",""
"11/3/2014 13:31:38","4","Fighting","9, 11","UR","WL",""
"11/3/2014 13:33:03","4","Chasing","2","UR","WL",""
"11/3/2014 13:33:36","4","Chasing","2","UR","WL",""
"11/3/2014 13:34:05","4","Fighting, Chasing, Subordinate","2","UR","WL",""
"11/3/2014 13:35:45","4","Induce-flee","2","UL","WL",""
"11/3/2014 13:37:18","4","Induce-flee","3","UL","WL",""
"11/3/2014 13:38:47","4","Chasing","3","UL","WL",""
"11/3/2014 13:42:19","4","Chasing","2","UL","WL",""
"11/3/2014 13:43:13","4","Induce-flee","5","UL","WL",""
"11/3/2014 13:47:07","4","Chasing","3","UL","WL",""
"11/3/2014 13:50:44","2","Chasing","1","UL","WL","1: apparent bite mark on a little above tail"
"11/3/2014 13:52:45","4","Chasing","3","UL","WL",""
"11/3/2014 13:53:49","4","Chasing","6","UL","WL",""
"11/3/2014 13:57:03","4","Chasing","2, 3","UL","WL",""
"11/3/2014 13:57:43","4","Chasing","3","UL","WL",""
"11/3/2014 13:58:49","4","Fighting, Chasing","2, 6, 11","UL","WL",""
"11/3/2014 13:59:09","4","Chasing","2","UL","WL",""
"11/3/2014 14:00:45","End","End","End","End","WL",""
