Timestamp,Actor,Behavior,Recipient,Location,Observer,Notes
1/25/2015 11:58:12,Start,Start,Start,Start,WL,
1/25/2015 12:21:04,9,"Chasing, Mounting, Subordinate",8,LL,WL,
1/25/2015 12:21:20,9,"Chasing, Mounting, Subordinate",8,LL,WL,
1/25/2015 13:00:04,End,End,End,End,WL,just casually exploring and sniffing but just no recordable action. all of them were awake .
1/25/2015 14:00:42,Start,Start,Start,Start,BN,
1/25/2015 14:04:55,8,Fighting,4,LL,BN,
1/25/2015 14:11:15,8,Subordinate,4,UR,BN,
1/25/2015 14:14:22,"5, 7",Fighting,"5, 7",UR,BN,
1/25/2015 14:16:29,7,Subordinate,1,UR,BN,
1/25/2015 14:20:15,7,Fighting,5,UR,BN,
1/25/2015 14:23:39,7,Subordinate,5,MR,BN,
1/25/2015 14:26:33,9,Mounting,8,LL,BN,
1/25/2015 14:49:52,7,Subordinate,5,UR,BN,
1/25/2015 14:50:04,7,Fighting,1,UR,BN,
1/25/2015 14:57:23,7,Subordinate,12,UR,BN,
1/25/2015 15:00:24,End,End,End,End,BN,
1/26/2015 13:06:01,Start,Start,Start,Start,AR,
1/26/2015 13:16:20,7,Chasing,6,NB5,AR,
1/26/2015 13:20:30,6,Fighting,11,MR,AR,
1/26/2015 13:22:23,6,"Fighting, Chasing",11,LL,AR,
1/26/2015 13:22:49,6,Chasing,1,NB1,AR,
1/26/2015 13:28:37,6,Chasing,11,UR,AR,
1/26/2015 13:36:27,8,Chasing,4,ML,AR,
1/26/2015 14:01:12,End,End,End,End,AR,
1/26/2015 14:01:39,Start,Start,Start,Start,AP,
1/26/2015 14:15:18,5,Mounting,4,ML,AP,
1/26/2015 14:27:17,7,"Chasing, Mounting",4,LR,AP,
1/26/2015 14:29:21,7,Chasing,8,LL,AP,
1/26/2015 14:30:21,7,Chasing,3,ML,AP,
1/26/2015 14:30:32,5,"Chasing, Mounting",8,ML,AP,
1/26/2015 14:45:38,7,Chasing,10,UR,AP,
1/26/2015 14:46:08,7,Chasing,10,MR,AP,
1/26/2015 14:59:50,7,Chasing,10,LR,AP,
1/26/2015 15:00:02,End,End,End,End,AP,"very inactive, especially in the last hour"
1/27/2015 15:05:19,Start,Start,Start,Start,WL,
1/27/2015 15:13:21,5,"Fighting, Chasing, Subordinate",8,MR,WL,
1/27/2015 15:14:08,5,"Fighting, Chasing",8,LL,WL,
1/27/2015 15:14:36,5,"Fighting, Chasing",8,ML,WL,
1/27/2015 15:15:13,5,"Fighting, Chasing","8, 10",LL,WL,
1/27/2015 15:16:21,5,"Fighting, Chasing",12,NB1,WL,
1/27/2015 15:41:36,7,"Chasing, Mounting",8,UL,WL,
1/27/2015 15:43:32,7,"Fighting, Chasing","8, 10",UL,WL,
1/27/2015 15:48:07,1,Fighting,8,UL,WL,
1/27/2015 15:50:34,7,Chasing,8,UL,WL,
1/27/2015 15:52:47,1,"Fighting, Subordinate",12,NB4,WL,persistent and intense fight
1/27/2015 15:53:06,1,Fighting,3,NB4,WL,3 in the tube
1/27/2015 15:53:55,1,"Fighting, Chasing, Subordinate",12,NB4,WL,
1/27/2015 15:54:03,1,Fighting,8,NB4,WL,
1/27/2015 15:59:37,1,Chasing,8,UL,WL,
1/27/2015 16:00:01,End,End,End,End,WL,
1/27/2015 16:01:23,Start,Start,Start,Start,BN,
1/27/2015 16:03:12,1,Fighting,"8, 11",NB5,BN,
1/27/2015 16:12:00,7,Fighting,1,LL,BN,
1/27/2015 16:16:15,1,Subordinate,"4, 6",MR,BN,"forceful grooming, freezing "
1/27/2015 16:21:41,7,Subordinate,1,UR,BN,
1/27/2015 16:23:01,7,Subordinate,4,UR,BN,
1/27/2015 16:30:27,1,Fighting,9,NB5,BN,
1/27/2015 16:30:44,7,Fighting,1,NB4,BN,
1/27/2015 16:42:20,7,Subordinate,9,LR,BN,
1/27/2015 17:00:19,End,End,End,End,BN,
1/28/2015 13:00:34,Start,Start,Start,Start,KP,
1/28/2015 13:05:09,1,"Fighting, Chasing",10,UL,KP,
1/28/2015 13:06:48,1,"Fighting, Chasing",10,ML,KP,
1/28/2015 13:07:17,1,Chasing,4,AllOver,KP,
1/28/2015 13:12:19,1,Fighting,9,UR,KP,
1/28/2015 13:18:59,1,Fighting,2,ML,KP,
1/28/2015 13:19:53,1,Fighting,4,UR,KP,
1/28/2015 13:23:08,1,Fighting,4,UL,KP,
1/28/2015 13:23:20,1,"Fighting, Chasing",10,UL,KP,
1/28/2015 13:27:18,7,Fighting,1,UL,KP,
1/28/2015 13:27:50,7,"Fighting, Chasing",3,LL,KP,
1/28/2015 13:32:12,7,"Fighting, Chasing",2,AllOver,KP,
1/28/2015 13:37:22,1,"Fighting, Chasing",8,MR,KP,
1/28/2015 13:57:58,2,"Fighting, Chasing",12,LL,KP,
1/28/2015 13:59:54,End,End,End,End,KP,
1/28/2015 14:00:54,Start,Start,Start,Start,KW,
1/28/2015 14:21:54,7,"Fighting, Chasing",3,LR,KW,
1/28/2015 14:31:02,7,"Fighting, Mounting",5,LL,KW,
1/28/2015 14:31:02,7,"Fighting, Mounting",5,LL,KW,
1/28/2015 14:34:08,9,Fighting,4,LR,KW,
1/28/2015 14:34:54,7,"Fighting, Mounting",9,LR,KW,
1/28/2015 14:35:16,7,Mounting,12,LR,KW,
1/28/2015 14:41:57,1,Chasing,5,MR,KW,
1/28/2015 14:44:22,1,"Fighting, Chasing",5,MR,KW,
1/28/2015 14:46:25,7,Mounting,1,UR,KW,
1/28/2015 14:52:11,1,Chasing,8,LR,KW,
1/28/2015 14:53:32,7,Fighting,1,LL,KW,
1/28/2015 14:54:31,7,Chasing,6,LL,KW,
1/28/2015 14:56:57,End,End,End,End,KW,
1/28/2015 14:57:25,Start,Start,Start,Start,AR,
1/28/2015 14:58:27,1,Chasing,"1, 8",MR,AR,
1/28/2015 15:01:42,5,Fighting,7,NB5,AR,
1/28/2015 15:02:32,1,Fighting,4,NB5,AR,
1/28/2015 15:04:22,1,"Fighting, Chasing",4,LL,AR,
1/28/2015 15:04:46,5,"Fighting, Chasing",1,NB2,AR,
1/28/2015 15:07:38,9,Chasing,11,LR,AR,
1/28/2015 15:12:13,1,Chasing,12,LL,AR,
1/28/2015 15:12:30,1,Fighting,12,LL,AR,
1/28/2015 15:13:35,1,Chasing,3,NB5,AR,
1/28/2015 15:15:00,9,Chasing,1,LR,AR,
1/28/2015 15:20:26,1,"Fighting, Chasing",4,LL,AR,
1/28/2015 15:21:12,1,Chasing,4,UR,AR,
1/28/2015 15:23:24,1,Chasing,9,ML,AR,
1/28/2015 15:32:15,6,"Fighting, Mounting",11,LL,AR,
1/28/2015 15:47:44,1,Fighting,5,NB5,AR,
1/28/2015 15:49:21,6,Chasing,11,MR,AR,
1/28/2015 15:56:27,8,Fighting,2,NB1,AR,
1/28/2015 16:00:13,End,End,End,End,AR,
1/29/2015 12:01:15,Start,Start,Start,Start,KP,
1/29/2015 12:04:54,1,"Fighting, Chasing",2,NB3,KP,
1/29/2015 12:06:53,1,Fighting,5,LL,KP,
1/29/2015 12:08:04,1,"Fighting, Chasing",10,ML,KP,
1/29/2015 12:10:21,1,"Fighting, Chasing",9,LR,KP,
1/29/2015 12:11:17,7,"Fighting, Chasing",1,AllOver,KP,
1/29/2015 12:11:55,1,Fighting,5,LR,KP,
1/29/2015 12:12:26,7,Chasing,1,LR,KP,
1/29/2015 12:16:25,2,"Fighting, Chasing",10,UL,KP,
1/29/2015 12:21:53,1,"Fighting, Chasing",10,UL,KP,
1/29/2015 12:22:19,1,Subordinate,7,LL,KP,
1/29/2015 12:27:13,1,"Fighting, Chasing",10,LR,KP,
1/29/2015 12:29:01,7,Fighting,6,LL,KP,
1/29/2015 12:29:46,1,Fighting,9,NB4,KP,
1/29/2015 12:33:05,6,Subordinate,12,LR,KP,
1/29/2015 12:42:33,8,"Fighting, Chasing",12,NB4,KP,
1/29/2015 12:44:05,7,Chasing,9,LL,KP,
1/29/2015 12:52:17,2,Chasing,3,LR,KP,
1/29/2015 12:57:39,End,End,End,End,KP,
1/29/2015 15:03:12,Start,Start,Start,Start,KB,
1/29/2015 15:05:30,1,"Chasing, Mounting",4,UL,KB,
1/29/2015 15:13:38,2,"Fighting, Chasing",4,LL,KB,
1/29/2015 15:21:00,1,"Fighting, Chasing",2,MR,KB,
1/29/2015 15:24:04,1,"Fighting, Chasing",12,LL,KB,
1/29/2015 15:28:00,1,Fighting,9,ML,KB,
1/29/2015 15:28:29,2,Chasing,10,UL,KB,
1/29/2015 15:29:58,1,"Fighting, Chasing",2,LR,KB,
1/29/2015 15:35:09,9,Fighting,2,LL,KB,
1/29/2015 15:39:04,8,Fighting,7,NB4,KB,
1/29/2015 15:41:00,1,Chasing,8,NB2,KB,
1/29/2015 15:41:49,1,"Fighting, Chasing",2,AllOver,KB,
1/29/2015 15:49:09,9,Chasing,4,LL,KB,
1/29/2015 15:51:15,7,Chasing,10,ML,KB,
1/29/2015 16:00:22,End,End,End,End,KB,
1/30/2015 12:07:52,Start,Start,Start,Start,KP,
1/30/2015 12:13:28,1,"Fighting, Chasing",11,AllOver,KP,
1/30/2015 12:14:03,7,Chasing,1,LL,KP,
1/30/2015 12:15:03,7,"Fighting, Chasing",10,UL,KP,
1/30/2015 12:29:27,8,Chasing,12,LR,KP,
1/30/2015 12:33:31,7,Chasing,9,ML,KP,
1/30/2015 12:41:31,8,Mounting,12,LL,KP,
1/30/2015 12:41:47,9,"Fighting, Chasing",8,LL,KP,
1/30/2015 12:48:32,9,"Fighting, Chasing",5,LL,KP,
1/30/2015 12:49:39,7,Fighting,5,NB4,KP,
1/30/2015 13:01:14,9,Fighting,10,ML,KP,
1/30/2015 13:02:52,9,"Fighting, Chasing",8,MR,KP,
1/30/2015 13:03:13,End,End,End,End,KP,
1/30/2015 13:03:34,Start,Start,Start,Start,KB,
1/30/2015 13:04:20,8,Fighting,6,ML,KB,
1/30/2015 13:05:27,1,Fighting,9,LR,KB,
1/30/2015 13:06:47,1,Fighting,12,MR,KB,
1/30/2015 13:10:08,1,"Fighting, Chasing",4,ML,KB,
1/30/2015 13:13:28,1,"Fighting, Chasing",4,LR,KB,
1/30/2015 13:17:21,6,Chasing,10,LR,KB,
1/30/2015 13:19:04,7,"Fighting, Chasing",1,ML,KB,
1/30/2015 13:19:29,8,"Fighting, Chasing",6,MR,KB,
1/30/2015 13:21:04,1,"Fighting, Chasing",9,LL,KB,
1/30/2015 13:23:45,8,"Fighting, Chasing",6,UL,KB,
1/30/2015 13:25:15,1,"Fighting, Chasing",12,LL,KB,
1/30/2015 13:25:46,6,Chasing,11,LL,KB,
1/30/2015 13:27:26,1,"Fighting, Chasing",8,LL,KB,
1/30/2015 13:30:26,8,"Fighting, Chasing",6,UL,KB,
1/30/2015 13:31:06,1,"Fighting, Chasing",4,LL,KB,
1/30/2015 13:32:23,7,"Fighting, Chasing",8,AllOver,KB,
1/30/2015 13:35:23,2,Fighting,6,LL,KB,
1/30/2015 13:35:51,7,Fighting,1,LL,KB,
1/30/2015 13:37:58,7,Chasing,11,ML,KB,
1/30/2015 13:44:57,1,Chasing,8,MR,KB,
1/30/2015 13:51:20,2,Fighting,6,LL,KB,
1/30/2015 13:52:09,2,Fighting,6,LL,KB,
1/30/2015 13:54:04,7,Fighting,2,LL,KB,
1/30/2015 14:00:24,End,End,End,End,KB,
1/31/2015 14:01:17,Start,Start,Start,Start,DG,
1/31/2015 14:03:44,2,Chasing,11,LL,DG,
1/31/2015 14:05:33,1,"Fighting, Chasing",8,MR,DG,
1/31/2015 14:06:45,9,"Fighting, Chasing",10,MR,DG,
1/31/2015 14:09:32,1,Fighting,12,ML,DG,
1/31/2015 14:10:21,7,Fighting,1,UL,DG,
1/31/2015 14:12:48,9,Chasing,11,UL,DG,
1/31/2015 14:17:25,9,Chasing,2,LR,DG,
1/31/2015 14:19:45,2,Subordinate,10,UL,DG,
1/31/2015 14:23:13,1,Fighting,11,NB5,DG,
1/31/2015 14:24:12,9,Chasing,10,ML,DG,
1/31/2015 14:25:22,2,Chasing,10,MR,DG,
1/31/2015 14:28:36,7,"Fighting, Chasing",9,LL,DG,
1/31/2015 14:35:39,1,Induce-flee,3,UL,DG,
1/31/2015 14:36:58,7,Chasing,1,NB2,DG,
1/31/2015 14:38:42,1,Induce-flee,6,LL,DG,
1/31/2015 14:39:10,1,"Fighting, Chasing",4,UL,DG,
1/31/2015 14:49:00,7,"Fighting, Chasing, Mounting",1,LL,DG,
1/31/2015 14:49:40,1,Chasing,12,LL,DG,
1/31/2015 14:50:17,7,Chasing,1,UL,DG,
1/31/2015 14:52:23,7,Chasing,9,UL,DG,
1/31/2015 14:55:57,1,Chasing,8,UL,DG,
1/31/2015 14:57:45,9,Chasing,8,LL,DG,
1/31/2015 15:00:01,End,End,End,End,DG,
1/31/2015 15:00:11,Start,Start,Start,Start,DG,
1/31/2015 15:01:01,1,Fighting,5,MR,DG,
1/31/2015 15:01:49,7,Chasing,1,MR,DG,
1/31/2015 15:03:11,1,"Fighting, Chasing",9,MR,DG,
1/31/2015 15:08:02,8,Chasing,6,LR,DG,
1/31/2015 15:08:47,7,Fighting,1,LR,DG,
1/31/2015 15:09:30,9,Chasing,10,UL,DG,
1/31/2015 15:10:05,7,Chasing,9,LR,DG,
1/31/2015 15:18:36,8,Chasing,11,MR,DG,
1/31/2015 15:20:41,1,Induce-flee,11,LL,DG,
1/31/2015 15:23:13,1,Chasing,5,LR,DG,
1/31/2015 15:30:04,8,Chasing,3,ML,DG,
1/31/2015 15:33:39,8,"Fighting, Chasing",4,UR,DG,
1/31/2015 15:35:45,7,Chasing,8,ML,DG,
1/31/2015 15:36:30,8,Chasing,3,ML,DG,
1/31/2015 15:38:16,7,Chasing,10,UL,DG,
1/31/2015 15:43:21,8,Chasing,3,MR,DG,
1/31/2015 15:48:42,7,"Fighting, Chasing",8,ML,DG,
1/31/2015 15:50:44,8,"Fighting, Chasing, Mounting",3,UL,DG,
1/31/2015 16:00:20,End,End,End,End,DG,
2/1/2015 14:03:19,Start,Start,Start,Start,ZC,
2/1/2015 14:13:04,6,Fighting,11,NB4,ZC,
2/1/2015 14:13:21,9,Fighting,4,LL,ZC,
2/1/2015 14:18:32,7,Chasing,11,LL,ZC,
2/1/2015 14:21:00,8,Chasing,6,UL,ZC,
2/1/2015 14:23:46,9,Subordinate,6,LL,ZC,
2/1/2015 14:24:37,7,Chasing,9,MR,ZC,
2/1/2015 14:24:52,8,Fighting,6,LL,ZC,
2/1/2015 14:25:08,7,Chasing,8,LL,ZC,
2/1/2015 14:25:52,9,Chasing,10,UR,ZC,
2/1/2015 14:26:58,8,Chasing,6,LR,ZC,
2/1/2015 14:27:13,8,Fighting,6,NB4,ZC,
2/1/2015 14:27:56,8,Chasing,12,LR,ZC,
2/1/2015 14:28:09,8,Mounting,12,NB5,ZC,
2/1/2015 14:29:58,9,Chasing,6,LR,ZC,
2/1/2015 14:30:13,7,Fighting,6,LL,ZC,
2/1/2015 14:30:52,7,Induce-flee,9,LL,ZC,
2/1/2015 14:34:01,8,Chasing,11,MR,ZC,
2/1/2015 14:34:20,7,Chasing,11,MR,ZC,
2/1/2015 14:34:33,7,Chasing,8,MR,ZC,
2/1/2015 14:38:21,2,Chasing,12,LL,ZC,
2/1/2015 14:39:39,9,Fighting,12,MR,ZC,
2/1/2015 14:39:54,7,Fighting,9,ML,ZC,
2/1/2015 14:42:12,9,Chasing,10,MR,ZC,
2/1/2015 14:42:26,7,Subordinate,9,MR,ZC,
2/1/2015 14:47:22,8,Chasing,6,ML,ZC,
2/1/2015 14:47:38,7,Chasing,8,ML,ZC,
2/1/2015 14:47:56,7,Chasing,6,ML,ZC,
2/1/2015 14:49:37,8,Fighting,6,LR,ZC,
2/1/2015 14:50:20,8,Subordinate,6,MR,ZC,
2/1/2015 14:50:31,8,Chasing,6,MR,ZC,
2/1/2015 14:50:43,7,Induce-flee,8,LL,ZC,
2/1/2015 14:50:56,7,Subordinate,6,LL,ZC,
2/1/2015 14:52:25,2,Fighting,6,NB5,ZC,
2/1/2015 14:55:26,8,Chasing,2,ML,ZC,
2/1/2015 15:00:39,End,End,End,End,ZC,
2/1/2015 15:00:49,Start,Start,Start,Start,ZC,
2/1/2015 15:10:39,1,Chasing,5,LL,ZC,
2/1/2015 15:12:23,1,Fighting,5,NB4,ZC,
2/1/2015 15:13:19,7,Induce-flee,8,LL,ZC,
2/1/2015 15:15:53,7,Chasing,1,MR,ZC,
2/1/2015 15:17:34,7,Fighting,1,MR,ZC,
2/1/2015 15:23:58,7,Induce-flee,9,MR,ZC,
2/1/2015 15:25:10,7,Subordinate,1,UL,ZC,
2/1/2015 15:33:43,8,Chasing,11,ML,ZC,
2/1/2015 15:33:57,1,Chasing,8,ML,ZC,
2/1/2015 15:34:16,8,Chasing,1,ML,ZC,
2/1/2015 15:34:30,7,Chasing,1,MR,ZC,
2/1/2015 15:38:28,5,Induce-flee,10,LL,ZC,
2/1/2015 15:40:25,8,Mounting,4,UR,ZC,
2/1/2015 15:42:29,9,Chasing,8,ML,ZC,
2/1/2015 15:47:11,9,Chasing,3,ML,ZC,
2/1/2015 15:49:00,9,Fighting,4,NB4,ZC,
2/1/2015 15:49:47,9,Chasing,2,MR,ZC,
2/1/2015 15:51:17,9,Chasing,8,UL,ZC,
2/1/2015 16:00:15,End,End,End,End,ZC,
2/2/2015 13:07:28,Start,Start,Start,Start,AH,
2/2/2015 13:11:15,6,Mounting,9,UR,AH,
2/2/2015 13:13:56,2,"Chasing, Subordinate",3,MR,AH,
2/2/2015 13:15:57,6,"Chasing, Mounting",9,LL,AH,
2/2/2015 13:18:27,1,Chasing,5,UL,AH,
2/2/2015 13:23:25,1,Subordinate,9,NB4,AH,
2/2/2015 13:25:53,1,"Fighting, Subordinate",3,NB4,AH,
2/2/2015 13:26:09,1,"Fighting, Chasing",8,NB3,AH,
2/2/2015 13:44:19,1,Chasing,6,LL,AH,
2/2/2015 13:52:44,7,Fighting,6,NB4,AH,
2/2/2015 13:54:07,1,Chasing,9,ML,AH,
2/2/2015 13:59:59,1,Chasing,8,ML,AH,
2/2/2015 14:01:44,7,Chasing,1,MR,AH,
2/2/2015 14:07:22,2,Chasing,6,LR,AH,
2/2/2015 14:09:06,9,Chasing,10,UL,AH,
2/2/2015 14:13:56,2,Subordinate,11,NB5,AH,
2/2/2015 14:34:18,7,Chasing,8,LR,AH,
2/2/2015 14:54:59,9,"Chasing, Subordinate",8,LL,AH,
2/2/2015 14:56:48,End,End,End,End,AH,
2/2/2015 14:57:12,Start,Start,Start,Start,CW,
2/2/2015 15:03:43,8,"Fighting, Chasing",6,AllOver,CW,
2/2/2015 15:07:09,8,"Fighting, Chasing",6,LR,CW,
2/2/2015 15:08:39,1,Chasing,12,LL,CW,
2/2/2015 15:09:52,9,Chasing,4,LL,CW,
2/2/2015 15:10:49,1,"Fighting, Chasing",3,LL,CW,
2/2/2015 15:12:48,1,Induce-flee,9,MR,CW,
2/2/2015 15:12:58,1,Chasing,5,LL,CW,
2/2/2015 15:22:29,7,Fighting,6,NB2,CW,
2/2/2015 15:22:44,9,Subordinate,5,LL,CW,
2/2/2015 15:24:23,8,Fighting,12,NB5,CW,
2/2/2015 15:26:52,9,Fighting,2,NB4,CW,
2/2/2015 15:29:21,8,"Fighting, Chasing",6,UL,CW,
2/2/2015 15:30:26,9,Fighting,10,UL,CW,
2/2/2015 15:58:24,7,Chasing,2,NB3,CW,
2/2/2015 15:59:59,End,End,End,End,CW,
2/3/2015 13:01:12,Start,Start,Start,Start,ZC,
2/3/2015 13:07:08,1,Fighting,4,ML,ZC,
2/3/2015 13:08:33,1,Fighting,3,UR,ZC,
2/3/2015 13:08:43,1,Fighting,2,ML,ZC,
2/3/2015 13:08:54,1,Chasing,2,UR,ZC,
2/3/2015 13:09:07,7,Chasing,2,UR,ZC,
2/3/2015 13:09:22,7,Fighting,1,MR,ZC,
2/3/2015 13:19:40,7,Chasing,12,NB4,ZC,
2/3/2015 13:19:55,9,Fighting,5,LL,ZC,
2/3/2015 13:20:36,1,Fighting,9,NB5,ZC,
2/3/2015 13:22:42,9,Chasing,8,MR,ZC,
2/3/2015 13:36:18,7,Chasing,2,Start,ZC,
2/3/2015 13:37:22,7,Chasing,8,MR,ZC,
2/3/2015 13:39:32,8,Subordinate,2,LL,ZC,
2/3/2015 13:39:53,9,Chasing,2,LR,ZC,
2/3/2015 13:41:11,8,Fighting,6,LR,ZC,
2/3/2015 13:41:23,7,Fighting,8,MR,ZC,
2/3/2015 13:47:18,7,Chasing,8,MR,ZC,
2/3/2015 13:47:31,9,Chasing,6,ML,ZC,
2/3/2015 13:47:46,7,Fighting,9,LL,ZC,
2/3/2015 13:50:53,9,Fighting,2,NB5,ZC,
2/3/2015 13:54:13,9,Fighting,3,NB2,ZC,
2/3/2015 13:56:49,7,Chasing,9,LR,ZC,
2/3/2015 14:00:14,End,End,End,End,ZC,
2/3/2015 14:00:44,Start,Start,Start,Start,ZC,
2/3/2015 14:17:14,9,Fighting,11,MR,ZC,
2/3/2015 14:19:50,8,Subordinate,4,MR,ZC,
2/3/2015 14:21:09,8,Mounting,4,LR,ZC,
2/3/2015 14:25:06,7,Chasing,1,ML,ZC,
2/3/2015 14:25:17,8,Chasing,12,NB4,ZC,
2/3/2015 14:29:19,7,Chasing,8,MR,ZC,
2/3/2015 14:30:04,7,Chasing,8,LL,ZC,
2/3/2015 14:31:52,1,Chasing,5,LL,ZC,
2/3/2015 14:33:25,1,Chasing,8,UL,ZC,
2/3/2015 14:33:51,7,Chasing,1,UL,ZC,
2/3/2015 14:38:32,7,Chasing,1,LR,ZC,
2/3/2015 14:39:50,1,Fighting,9,MR,ZC,
2/3/2015 14:40:04,7,Chasing,1,MR,ZC,
2/3/2015 14:43:05,7,Fighting,8,LL,ZC,
2/3/2015 14:43:44,1,Fighting,5,NB4,ZC,
2/3/2015 14:44:03,7,Fighting,9,LL,ZC,
2/3/2015 14:45:36,1,Chasing,9,LL,ZC,
2/3/2015 14:51:40,7,Chasing,1,LL,ZC,
2/3/2015 14:53:04,1,Fighting,6,NB5,ZC,
2/3/2015 14:54:24,7,Chasing,8,LL,ZC,
2/3/2015 14:55:33,7,Fighting,11,MR,ZC,
2/3/2015 14:55:56,8,Chasing,6,LL,ZC,
2/3/2015 14:57:14,1,Fighting,2,NB5,ZC,
2/3/2015 15:00:12,End,End,End,End,ZC,
2/3/2015 15:08:13,Start,Start,Start,Start,WL,
2/3/2015 15:13:56,9,Chasing,11,UR,WL,
2/3/2015 15:22:50,7,"Chasing, Subordinate",10,NB2,WL,
2/3/2015 15:23:30,8,Subordinate,3,NB5,WL,
2/3/2015 15:24:15,8,Subordinate,11,NB5,WL,
2/3/2015 15:32:57,7,"Fighting, Chasing, Subordinate",10,UL,WL,
2/3/2015 15:34:41,7,"Fighting, Subordinate",8,"ML, NB5",WL,
2/3/2015 15:40:18,9,Chasing,4,MR,WL,
2/3/2015 15:40:48,7,Chasing,9,ML,WL,
2/3/2015 15:42:50,9,Chasing,5,LL,WL,
2/3/2015 15:45:05,7,Chasing,8,NB4,WL,
2/3/2015 15:50:03,8,Chasing,10,LL,WL,
2/3/2015 15:56:05,1,"Fighting, Chasing, Subordinate",9,UR,WL,
2/3/2015 15:57:39,9,Chasing,8,UR,WL,
2/3/2015 15:57:47,1,Chasing,8,UL,WL,
2/3/2015 15:58:27,1,"Fighting, Chasing",6,UL,WL,
2/3/2015 16:00:01,1,"Fighting, Chasing, Subordinate",9,UL,WL,persistent and intense fight
2/3/2015 16:00:15,1,Subordinate,8,LL,WL,
2/3/2015 16:00:55,1,"Fighting, Chasing, Subordinate",9,LR,WL,
2/3/2015 16:03:02,1,"Fighting, Chasing, Subordinate","6, 8, 9",NB4,WL,intense attack
2/3/2015 16:06:14,9,Chasing,5,ML,WL,
2/3/2015 16:07:49,7,Fighting,1,LL,WL,but not so intense....just one bite and they move on.
2/3/2015 16:09:36,1,"Fighting, Chasing",5,UR,WL,
2/3/2015 16:09:50,1,"Fighting, Chasing",9,UL,WL,
2/3/2015 16:10:31,7,"Fighting, Chasing, Subordinate",1,UL,WL,
2/3/2015 16:10:41,End,End,End,End,WL,
2/4/2015 13:00:27,Start,Start,Start,Start,KP,
2/4/2015 13:04:58,7,Mounting,1,LL,KP,
2/4/2015 13:12:55,7,"Fighting, Chasing",10,LL,KP,
2/4/2015 13:13:34,8,"Fighting, Chasing",12,LL,KP,
2/4/2015 13:13:35,8,"Fighting, Chasing",12,LL,KP,
2/4/2015 13:14:24,1,"Fighting, Chasing",9,AllOver,KP,
2/4/2015 13:18:03,9,Fighting,8,LL,KP,
2/4/2015 13:18:44,9,"Fighting, Chasing",8,LL,KP,
2/4/2015 13:19:20,1,Chasing,9,LL,KP,
2/4/2015 13:20:01,7,"Fighting, Chasing",3,UL,KP,
2/4/2015 13:26:46,9,Chasing,10,UL,KP,
2/4/2015 13:30:45,8,"Fighting, Chasing",12,MR,KP,
2/4/2015 13:35:39,9,"Fighting, Chasing",6,ML,KP,
2/4/2015 13:36:26,9,Fighting,10,UL,KP,
2/4/2015 13:37:38,2,Chasing,4,ML,KP,
2/4/2015 13:38:35,7,"Fighting, Chasing",11,MR,KP,
2/4/2015 13:38:49,9,"Fighting, Chasing",8,UL,KP,
2/4/2015 13:39:12,7,"Fighting, Chasing",5,LR,KP,
2/4/2015 13:41:02,7,"Fighting, Chasing",9,LL,KP,
2/4/2015 13:41:27,9,Chasing,10,UL,KP,
2/4/2015 13:41:37,7,"Fighting, Chasing",9,UR,KP,
2/4/2015 13:44:45,7,Chasing,10,ML,KP,
2/4/2015 13:45:34,2,"Fighting, Chasing",11,UL,KP,
2/4/2015 13:45:45,11,Subordinate,2,UL,KP,
2/4/2015 13:53:04,1,Subordinate,7,NB5,KP,
2/4/2015 13:58:51,1,Fighting,5,ML,KP,
2/4/2015 13:59:07,8,Fighting,6,UL,KP,
2/4/2015 14:00:40,End,End,End,End,KP,
2/4/2015 14:06:00,Start,Start,Start,Start,KP,
2/4/2015 14:08:56,1,"Fighting, Chasing",10,NB2,KP,
2/4/2015 14:11:34,1,"Fighting, Chasing",9,UL,KP,
2/4/2015 14:12:14,1,"Fighting, Chasing",4,UR,KP,
2/4/2015 14:12:26,1,Subordinate,7,LL,KP,
2/4/2015 14:17:24,1,"Fighting, Chasing",9,LR,KP,
2/4/2015 14:17:36,7,"Fighting, Chasing",1,LL,KP,
2/4/2015 14:18:12,9,Fighting,5,UL,KP,
2/4/2015 14:20:32,2,"Fighting, Chasing",10,UL,KP,
2/4/2015 14:31:14,1,"Fighting, Chasing",4,NB2,KP,
2/4/2015 14:34:04,6,Chasing,10,MR,KP,
2/4/2015 14:35:40,9,Chasing,6,LL,KP,
2/4/2015 14:37:29,8,Chasing,6,MR,KP,
2/4/2015 14:38:52,9,Chasing,10,UL,KP,
2/4/2015 14:40:26,9,Chasing,11,AllOver,KP,
2/4/2015 14:40:44,9,"Fighting, Chasing",6,NB4,KP,
2/4/2015 14:45:41,6,"Fighting, Chasing",11,ML,KP,
2/4/2015 14:54:04,7,"Fighting, Chasing",9,UR,KP,
2/4/2015 15:00:21,End,End,End,End,KP,
2/4/2015 15:01:33,Start,Start,Start,Start,AR,
2/4/2015 15:03:51,6,Chasing,11,UL,AR,
2/4/2015 15:22:10,6,Fighting,4,NB5,AR,
2/4/2015 15:24:02,7,"Fighting, Chasing",2,LL,AR,
2/4/2015 15:31:49,7,Chasing,10,NB1,AR,
2/4/2015 15:43:34,7,"Fighting, Chasing",1,UL,AR,
2/4/2015 15:46:47,9,Chasing,12,MR,AR,
2/4/2015 15:47:14,9,Chasing,11,LR,AR,
2/4/2015 15:47:23,1,Fighting,9,NB5,AR,
2/4/2015 15:51:25,1,"Fighting, Chasing",5,LR,AR,
2/4/2015 15:54:00,1,Chasing,12,LR,AR,
2/4/2015 15:57:27,1,Chasing,9,MR,AR,
2/4/2015 15:58:04,1,Fighting,9,NB4,AR,
2/4/2015 16:00:05,1,Chasing,10,UL,AR,
2/4/2015 16:00:15,End,End,End,End,AR,
2/5/2015 12:58:19,Start,Start,Start,Start,WL,
2/5/2015 13:00:32,1,"Fighting, Chasing",5,UL,WL,
2/5/2015 13:00:58,7,"Fighting, Chasing",1,LL,WL,
2/5/2015 13:01:09,1,"Fighting, Chasing",3,LL,WL,
2/5/2015 13:03:55,5,Chasing,8,LL,WL,
2/5/2015 13:04:18,8,"Fighting, Chasing, Subordinate",5,NB2,WL,
2/5/2015 13:07:45,7,Chasing,1,MR,WL,
2/5/2015 13:07:54,1,"Fighting, Chasing",8,MR,WL,
2/5/2015 13:08:15,7,Chasing,4,NB2,WL,
2/5/2015 13:09:27,8,Chasing,3,LL,WL,
2/5/2015 13:11:43,7,Chasing,1,ML,WL,
2/5/2015 13:14:05,1,Chasing,9,UL,WL,
2/5/2015 13:15:13,1,Chasing,6,LL,WL,
2/5/2015 13:16:36,1,"Fighting, Chasing",9,UL,WL,
2/5/2015 13:17:39,1,Chasing,9,MR,WL,
2/5/2015 13:18:05,1,"Fighting, Chasing","8, 9",LL,WL,
2/5/2015 13:18:30,7,"Chasing, Mounting",1,LL,WL,
2/5/2015 13:22:02,1,Chasing,8,ML,WL,
2/5/2015 13:22:36,1,"Fighting, Chasing, Subordinate",2,NB2,WL,
2/5/2015 13:23:19,7,Mounting,1,NB5,WL,
2/5/2015 13:25:27,1,Chasing,8,NB4,WL,
2/5/2015 13:26:19,7,"Chasing, Mounting, Subordinate",1,MR,WL,persistent mounting 
2/5/2015 13:27:44,7,Chasing,9,MR,WL,
2/5/2015 13:29:15,1,"Fighting, Chasing, Subordinate",9,UL,WL,persistent attack
2/5/2015 13:30:31,8,Chasing,3,LR,WL,
2/5/2015 13:32:53,9,"Fighting, Chasing",8,LL,WL,
2/5/2015 13:33:34,8,"Fighting, Chasing",6,UL,WL,
2/5/2015 13:33:57,8,"Fighting, Chasing, Subordinate",6,UL,WL,
2/5/2015 13:34:07,7,Chasing,8,LR,WL,
2/5/2015 13:37:07,1,Induce-flee,8,UR,WL,
2/5/2015 13:41:36,8,Chasing,11,LL,WL,
2/5/2015 13:43:47,2,Chasing,11,UR,WL,
2/5/2015 13:46:13,2,"Fighting, Chasing",4,LR,WL,
2/5/2015 13:48:35,2,"Fighting, Chasing, Subordinate",11,NB2,WL,intense attack
2/5/2015 13:51:45,9,"Fighting, Chasing",5,LL,WL,
2/5/2015 13:54:26,8,"Fighting, Chasing, Subordinate",6,LL,WL,
2/5/2015 13:54:49,7,"Fighting, Chasing",8,UL,WL,
2/5/2015 13:55:43,2,Chasing,11,UL,WL,
2/5/2015 13:56:31,7,Chasing,10,LL,WL,
2/5/2015 13:58:17,6,Fighting,3,NB5,WL,
2/5/2015 13:58:55,7,Chasing,11,LL,WL,
2/5/2015 14:00:49,End,End,End,End,WL,
2/5/2015 14:00:59,Start,Start,Start,Start,WL,
2/5/2015 14:01:49,1,"Fighting, Chasing, Subordinate",5,LR,WL,
2/5/2015 14:02:04,1,"Fighting, Subordinate",5,LL,WL,
2/5/2015 14:02:15,7,"Fighting, Chasing",1,LL,WL,
2/5/2015 14:03:01,2,"Chasing, Subordinate",6,MR,WL,
2/5/2015 14:03:35,7,"Fighting, Chasing, Subordinate",5,LL,WL,
2/5/2015 14:04:46,2,"Fighting, Chasing",10,LR,WL,
2/5/2015 14:05:17,6,"Fighting, Subordinate",10,NB5,WL,
2/5/2015 14:07:06,7,"Fighting, Chasing",1,ML,WL,
2/5/2015 14:08:48,8,Chasing,11,LL,WL,
2/5/2015 14:10:48,7,"Chasing, Subordinate",6,LL,WL,
2/5/2015 14:13:41,7,Fighting,8,ML,WL,
2/5/2015 14:14:36,1,Chasing,9,UL,WL,
2/5/2015 14:14:45,7,"Fighting, Chasing, Subordinate",1,UL,WL,
2/5/2015 14:16:38,1,"Fighting, Chasing, Subordinate",9,UL,WL,
2/5/2015 14:17:20,7,"Fighting, Chasing",1,UR,WL,
2/5/2015 14:20:10,8,Fighting,6,ML,WL,
2/5/2015 14:20:19,7,"Fighting, Chasing",8,ML,WL,
2/5/2015 14:21:07,8,"Fighting, Subordinate",6,UL,WL,
2/5/2015 14:22:56,5,"Fighting, Chasing",8,LL,WL,
2/5/2015 14:23:30,1,"Fighting, Chasing, Subordinate",5,LL,WL,
2/5/2015 14:24:02,7,"Fighting, Chasing, Mounting, Subordinate",1,UL,WL,
2/5/2015 14:25:18,1,Induce-flee,8,LL,WL,
2/5/2015 14:30:54,8,"Fighting, Chasing",6,MR,WL,
2/5/2015 14:36:50,8,Chasing,3,LL,WL,
2/5/2015 14:40:00,7,Chasing,6,NB1,WL,
2/5/2015 14:49:50,7,"Fighting, Chasing, Subordinate",8,UL,WL,
2/5/2015 14:57:34,End,End,End,End,WL,
2/5/2015 14:57:45,Start,Start,Start,Start,AR,
2/5/2015 15:00:03,5,"Fighting, Subordinate",8,LL,AR,
2/5/2015 15:01:24,7,"Fighting, Chasing",8,LL,AR,
2/5/2015 15:03:44,5,Fighting,2,LL,AR,
2/5/2015 15:05:22,5,Fighting,8,LL,AR,
2/5/2015 15:08:32,2,Fighting,4,LL,AR,
2/5/2015 15:12:49,8,Fighting,3,NB5,AR,
2/5/2015 15:14:38,5,"Fighting, Chasing",8,LL,AR,
2/5/2015 15:16:43,5,Mounting,8,LL,AR,
2/5/2015 15:17:54,5,"Fighting, Chasing",2,LL,AR,
2/5/2015 15:18:16,5,Chasing,8,LR,AR,
2/5/2015 15:19:47,5,Chasing,8,MR,AR,
2/5/2015 15:21:46,1,Chasing,8,NB1,AR,
2/5/2015 15:26:07,1,Fighting,8,UL,AR,
2/5/2015 15:27:09,1,Chasing,8,ML,AR,
2/5/2015 15:27:50,1,Fighting,4,LL,AR,
2/5/2015 15:31:42,1,Chasing,4,LR,AR,
2/5/2015 15:32:29,1,Fighting,8,UL,AR,
2/5/2015 15:32:58,1,"Fighting, Chasing",10,LR,AR,
2/5/2015 15:39:31,1,Fighting,8,ML,AR,
2/5/2015 15:41:49,8,Chasing,6,LL,AR,
2/5/2015 15:42:18,1,"Fighting, Chasing",9,UL,AR,
2/5/2015 15:43:38,8,Fighting,6,UL,AR,
2/5/2015 15:45:28,1,"Fighting, Chasing, Mounting",9,MR,AR,
2/5/2015 15:46:26,1,Chasing,6,UL,AR,
2/5/2015 15:48:27,1,"Fighting, Chasing",8,UL,AR,
2/5/2015 15:54:20,8,"Fighting, Chasing",6,LL,AR,
2/5/2015 15:58:52,7,Fighting,1,MR,AR,
2/5/2015 15:59:03,1,Chasing,9,MR,AR,
2/5/2015 15:59:14,End,End,End,End,AR,
2/6/2015 12:02:31,Start,Start,Start,Start,KB,
2/6/2015 12:03:51,1,Fighting,8,ML,KB,1 was bitim
2/6/2015 12:08:34,1,Fighting,8,ML,KB,***sorry I can't type on this. continued from last: 8 didn't seem to care or run away much
2/6/2015 12:09:22,7,"Chasing, Mounting, Subordinate",9,MR,KB,
2/6/2015 12:11:23,8,Fighting,6,NB1,KB,
2/6/2015 12:17:19,7,"Fighting, Mounting, Subordinate",1,ML,KB,
2/6/2015 12:18:22,7,"Fighting, Chasing",1,NB1,KB,
2/6/2015 12:30:33,7,Chasing,9,UL,KB,
2/6/2015 12:30:55,9,"Chasing, Mounting",12,ML,KB,
2/6/2015 12:34:07,9,"Fighting, Chasing",3,AllOver,KB,
2/6/2015 12:44:57,7,Chasing,1,MR,KB,
2/6/2015 12:49:05,9,Chasing,3,ML,KB,
2/6/2015 12:52:50,1,"Chasing, Subordinate",5,LL,KB,
2/6/2015 12:54:21,7,Chasing,1,LL,KB,
2/6/2015 12:55:02,7,"Fighting, Mounting",1,MR,KB,
2/6/2015 12:55:28,1,"Fighting, Chasing, Subordinate",9,UL,KB,
2/6/2015 12:59:07,End,End,End,End,KB,
2/6/2015 13:00:15,Start,Start,Start,Start,KP,
2/6/2015 13:03:25,7,Fighting,1,LL,KP,
2/6/2015 13:03:43,1,"Fighting, Chasing",8,LL,KP,
2/6/2015 13:04:17,1,"Fighting, Chasing",9,LR,KP,
2/6/2015 13:04:57,1,"Fighting, Chasing",9,AllOver,KP,
2/6/2015 13:07:43,7,Fighting,1,ML,KP,
2/6/2015 13:10:14,8,Chasing,5,LL,KP,
2/6/2015 13:10:27,5,Chasing,8,LR,KP,
2/6/2015 13:15:31,1,"Fighting, Chasing",9,LL,KP,
2/6/2015 13:15:46,7,"Fighting, Chasing",1,MR,KP,
2/6/2015 13:22:32,7,"Fighting, Chasing",2,NB4,KP,
2/6/2015 13:25:44,2,"Fighting, Chasing",10,UR,KP,
2/6/2015 13:28:29,8,"Fighting, Chasing",6,NB3,KP,"8 super aggressiv,  6 subordinate "
2/6/2015 13:29:54,2,Chasing,11,LR,KP,
2/6/2015 13:42:22,8,"Fighting, Chasing",3,LL,KP,
2/6/2015 13:43:09,9,"Fighting, Chasing",10,UL,KP,
2/6/2015 13:59:56,End,End,End,End,KP,
2/6/2015 14:00:11,Start,Start,Start,Start,KP,
2/6/2015 14:03:30,8,"Fighting, Chasing",2,UL,KP,
2/6/2015 14:04:42,8,Chasing,2,UR,KP,
2/6/2015 14:10:01,1,"Fighting, Chasing",5,LL,KP,
2/6/2015 14:10:26,8,"Fighting, Chasing",2,NB4,KP,
2/6/2015 14:11:03,7,Chasing,9,LL,KP,
2/6/2015 14:16:22,7,"Fighting, Chasing",1,MR,KP,
2/6/2015 14:19:50,9,Chasing,5,UL,KP,
2/6/2015 14:21:44,9,Chasing,8,MR,KP,
2/6/2015 14:24:21,1,"Fighting, Chasing",11,AllOver,KP,1 very aggressive
2/6/2015 14:30:38,7,"Fighting, Chasing",1,MR,KP,
2/6/2015 14:34:50,7,Fighting,1,LR,KP,
2/6/2015 14:41:39,7,"Fighting, Chasing",1,LR,KP,
2/6/2015 14:46:36,1,Chasing,8,ML,KP,
2/6/2015 14:46:48,7,Chasing,2,UL,KP,
2/6/2015 14:49:19,8,Chasing,6,UL,KP,
2/6/2015 14:49:52,7,"Fighting, Chasing",1,MR,KP,
2/6/2015 14:50:14,1,"Fighting, Chasing",8,ML,KP,
2/6/2015 14:52:39,7,"Fighting, Chasing",1,AllOver,KP,
2/6/2015 14:57:33,1,"Fighting, Chasing",10,UL,KP,
2/6/2015 14:57:51,9,"Fighting, Chasing",8,UL,KP,
2/6/2015 14:59:03,End,End,End,End,KP,
2/7/2015 12:10:31,Start,Start,Start,Start,KW,
2/7/2015 12:15:23,7,Chasing,9,ML,KW,
2/7/2015 12:16:57,7,"Chasing, Mounting",1,MR,KW,1 also just fought but I couldn't tell who the recipient was
2/7/2015 12:18:00,9,Chasing,1,LL,KW,
2/7/2015 12:21:20,9,"Fighting, Chasing",10,ML,KW,
2/7/2015 12:30:05,7,Chasing,5,MR,KW,
2/7/2015 12:32:53,7,Chasing,3,LR,KW,
2/7/2015 12:33:12,9,"Fighting, Chasing",11,ML,KW,
2/7/2015 12:39:20,1,Chasing,9,LL,KW,
2/7/2015 12:42:15,1,Chasing,6,ML,KW,
2/7/2015 12:48:37,1,"Fighting, Chasing",12,LL,KW,
2/7/2015 12:53:08,1,Chasing,4,NB2,KW,
2/7/2015 12:58:36,7,Fighting,1,MR,KW,
2/7/2015 12:59:28,1,Fighting,6,NB2,KW,
2/7/2015 13:02:46,1,Chasing,11,LL,KW,
2/7/2015 13:03:32,7,Chasing,3,LL,KW,
2/7/2015 13:08:23,8,Chasing,2,LL,KW,
2/7/2015 13:08:37,End,End,End,End,KW,
2/7/2015 13:08:55,Start,Start,Start,Start,WL,
2/7/2015 13:10:07,8,Chasing,5,LL,WL,
2/7/2015 13:10:34,9,"Fighting, Chasing",5,ML,WL,
2/7/2015 13:12:25,7,"Chasing, Mounting",8,MR,WL,
2/7/2015 13:14:37,8,Chasing,6,UL,WL,
2/7/2015 13:14:59,8,"Fighting, Chasing, Mounting, Subordinate",6,UR,WL,
2/7/2015 13:15:23,8,"Fighting, Chasing, Mounting",12,NB4,WL,
2/7/2015 13:16:15,9,"Fighting, Chasing",5,LL,WL,
2/7/2015 13:16:41,1,"Fighting, Subordinate",5,NB5,WL,as soon as 5 enters NB5
2/7/2015 13:17:19,8,Subordinate,2,NB4,WL,
2/7/2015 13:19:09,8,Chasing,10,ML,WL,
2/7/2015 13:20:26,1,"Fighting, Chasing, Subordinate",9,UL,WL,
2/7/2015 13:21:54,1,Chasing,8,ML,WL,
2/7/2015 13:22:32,7,Chasing,1,UL,WL,7-1-8 marching band
2/7/2015 13:23:27,7,"Fighting, Chasing, Subordinate",8,LL,WL,
2/7/2015 13:25:45,9,Chasing,10,UL,WL,
2/7/2015 13:27:15,1,"Fighting, Chasing, Subordinate",9,LL,WL,
2/7/2015 13:27:26,7,"Fighting, Chasing, Subordinate",1,MR,WL,
2/7/2015 13:33:22,9,Fighting,4,NB3,WL,
2/7/2015 13:34:13,1,"Fighting, Chasing",9,NB3,WL,
2/7/2015 13:35:38,1,"Fighting, Chasing",2,LL,WL,
2/7/2015 13:36:17,1,"Fighting, Chasing",4,UL,WL,
2/7/2015 13:36:27,7,Subordinate,1,LL,WL,
2/7/2015 13:39:27,2,"Fighting, Chasing, Subordinate",10,UL,WL,
2/7/2015 13:40:11,7,"Fighting, Chasing, Mounting, Subordinate",10,UL,WL,
2/7/2015 13:41:45,7,Subordinate,1,UL,WL,
2/7/2015 13:49:49,7,"Fighting, Chasing",1,ML,WL,
2/7/2015 13:53:04,8,"Fighting, Chasing",6,UL,WL,
2/7/2015 13:54:15,1,"Fighting, Chasing",6,NB1,WL,
2/7/2015 13:57:41,1,Chasing,4,LL,WL,
2/7/2015 13:58:42,1,"Fighting, Chasing, Subordinate",4,NB2,WL,intense attack
2/7/2015 13:58:54,1,"Fighting, Subordinate",11,NB5,WL,
2/7/2015 13:59:37,7,Fighting,1,NB5,WL,at first it seemed they almost tied but 1 flee in the end
2/7/2015 13:59:53,1,Subordinate,4,NB5,WL,
2/7/2015 14:01:12,"5, 8",Fighting,"5, 8",LL,WL,
2/7/2015 14:02:07,7,"Fighting, Chasing, Subordinate",9,LL,WL,previous 5 and 8: hard to tell who won and the fight was interrupted by 7 attacking 9
2/7/2015 14:06:08,8,"Fighting, Chasing, Subordinate",6,UL,WL,
2/7/2015 14:06:47,7,"Fighting, Chasing, Mounting, Subordinate",8,UL,WL,
2/7/2015 14:07:50,9,"Fighting, Chasing",12,LL,WL,
2/7/2015 14:07:59,7,Chasing,9,LL,WL,
2/7/2015 14:08:17,End,End,End,End,WL,
2/8/2015 16:01:32,Start,Start,Start,Start,KP,
2/8/2015 16:03:34,8,Fighting,4,NB1,KP,
2/8/2015 16:05:56,8,"Fighting, Chasing",6,UR,KP,
2/8/2015 16:11:50,2,"Fighting, Chasing",6,"NB3, NB4, NB5",KP,
2/8/2015 16:12:44,2,Chasing,10,NB1,KP,
2/8/2015 16:16:18,9,Chasing,8,LR,KP,
2/8/2015 16:16:32,9,Chasing,12,LL,KP,
2/8/2015 16:18:16,9,"Fighting, Chasing",12,AllOver,KP,
2/8/2015 16:20:11,9,Chasing,6,LL,KP,
2/8/2015 16:21:52,8,"Fighting, Chasing",10,ML,KP,
2/8/2015 16:22:55,8,"Fighting, Chasing",5,LR,KP,
2/8/2015 16:24:09,9,"Fighting, Chasing",11,ML,KP,
2/8/2015 16:24:43,9,"Fighting, Chasing",2,AllOver,KP,
2/8/2015 16:30:07,9,Chasing,11,LR,KP,
2/8/2015 16:32:47,1,Chasing,8,NB3,KP,
2/8/2015 16:34:13,7,"Fighting, Chasing",1,UL,KP,
2/8/2015 16:35:07,11,Chasing,3,NB1,KP,
2/8/2015 16:39:13,8,Mounting,5,NB5,KP,
2/8/2015 16:40:34,5,Induce-flee,7,NB5,KP,5 made 7 fllee
2/8/2015 16:43:00,7,"Fighting, Chasing",1,LL,KP,
2/8/2015 16:45:12,9,Induce-flee,2,MR,KP,
2/8/2015 16:55:30,9,"Fighting, Chasing",12,UR,KP,
2/8/2015 16:55:43,7,Fighting,9,MR,KP,
2/8/2015 16:59:58,End,End,End,End,KP,
2/9/2015 13:02:18,Start,Start,Start,Start,AH,
2/9/2015 13:05:22,8,"Chasing, Mounting",12,ML,AH,
2/9/2015 13:06:05,1,"Chasing, Subordinate",12,MR,AH,
2/9/2015 13:06:52,1,"Fighting, Chasing",3,NB2,AH,
2/9/2015 13:08:58,7,Subordinate,8,LL,AH,
2/9/2015 13:10:09,7,Chasing,12,LR,AH,
2/9/2015 13:12:49,7,Subordinate,1,NB2,AH,
2/9/2015 13:17:42,9,Chasing,10,UL,AH,
2/9/2015 13:19:34,7,"Chasing, Mounting",1,LL,AH,
2/9/2015 13:20:44,1,Chasing,9,UL,AH,
2/9/2015 13:22:31,6,"Fighting, Chasing",11,LL,AH,
2/9/2015 13:22:48,8,Chasing,6,ML,AH,
2/9/2015 13:23:16,7,Chasing,8,ML,AH,
2/9/2015 13:24:04,7,Subordinate,1,MR,AH,
2/9/2015 13:24:43,9,Chasing,10,LL,AH,
2/9/2015 13:27:26,8,Chasing,12,UR,AH,
2/9/2015 13:33:09,7,Chasing,9,ML,AH,
2/9/2015 13:49:29,9,Chasing,8,UL,AH,
2/9/2015 13:49:51,8,Chasing,4,ML,AH,
2/9/2015 13:53:49,9,Chasing,8,ML,AH,
2/9/2015 13:55:44,9,Chasing,"2, 12",LR,AH,
2/9/2015 13:56:17,9,Chasing,4,LL,AH,
2/9/2015 14:00:45,End,End,End,End,AH,
2/9/2015 14:00:55,Start,Start,Start,Start,AH,
2/9/2015 14:02:45,9,Chasing,8,ML,AH,
2/9/2015 14:05:05,7,Chasing,1,LL,AH,
2/9/2015 14:05:18,1,Chasing,8,UL,AH,
2/9/2015 14:07:10,1,"Fighting, Chasing",9,UL,AH,
2/9/2015 14:10:53,8,Chasing,12,MR,AH,
2/9/2015 14:22:14,7,Chasing,1,LL,AH,
2/9/2015 14:25:06,1,Chasing,8,UL,AH,
2/9/2015 14:28:37,1,Chasing,8,ML,AH,
2/9/2015 14:31:33,8,Chasing,6,UL,AH,
2/9/2015 14:33:35,7,Chasing,1,LR,AH,
2/9/2015 14:33:49,1,Chasing,3,LR,AH,
2/9/2015 14:34:16,1,"Fighting, Chasing",10,UL,AH,
2/9/2015 14:35:08,7,Chasing,1,LL,AH,
2/9/2015 14:38:04,9,Chasing,12,UR,AH,
2/9/2015 14:39:42,7,Chasing,9,LR,AH,
2/9/2015 14:40:39,9,Chasing,8,ML,AH,
2/9/2015 14:40:50,7,Chasing,3,UR,AH,
2/9/2015 14:42:05,1,Chasing,2,UL,AH,
2/9/2015 14:45:08,7,"Mounting, Subordinate",1,MR,AH,
2/9/2015 14:53:57,7,Mounting,1,MR,AH,
2/9/2015 14:56:19,9,Chasing,8,UL,AH,
2/9/2015 14:59:24,9,Chasing,10,UL,AH,
2/9/2015 14:59:40,End,End,End,End,AH,
2/9/2015 15:00:05,Start,Start,Start,Start,WL,
2/9/2015 15:01:14,2,"Fighting, Subordinate",11,NB5,WL,
2/9/2015 15:01:33,2,"Fighting, Chasing, Subordinate",6,NB3,WL,
2/9/2015 15:02:13,8,"Fighting, Chasing",12,MR,WL,
2/9/2015 15:02:32,1,"Fighting, Chasing",8,LR,WL,
2/9/2015 15:03:03,1,Chasing,8,LL,WL,
2/9/2015 15:03:14,7,"Fighting, Subordinate",1,MR,WL,
2/9/2015 15:03:36,7,"Fighting, Chasing, Mounting",1,MR,WL,
2/9/2015 15:04:28,9,"Fighting, Chasing",6,MR,WL,
2/9/2015 15:06:45,1,"Fighting, Chasing, Mounting",11,MR,WL,
2/9/2015 15:07:18,1,"Fighting, Chasing",9,MR,WL,
2/9/2015 15:07:28,7,"Fighting, Chasing",1,ML,WL,
2/9/2015 15:09:06,1,"Fighting, Chasing",5,MR,WL,
2/9/2015 15:09:19,7,"Fighting, Chasing, Subordinate",1,MR,WL,
2/9/2015 15:14:36,8,"Fighting, Chasing",2,MR,WL,
2/9/2015 15:15:15,9,"Fighting, Chasing, Subordinate",8,UL,WL,
2/9/2015 15:16:30,7,Subordinate,5,LR,WL,
2/9/2015 15:20:02,9,Subordinate,11,NB5,WL,
2/9/2015 15:22:49,7,"Fighting, Chasing, Mounting, Subordinate",9,MR,WL,
2/9/2015 15:33:14,7,"Fighting, Chasing, Mounting, Subordinate",3,MR,WL,
2/9/2015 15:58:49,7,"Fighting, Chasing, Subordinate",1,LR,WL,
2/9/2015 15:59:19,4,"Fighting, Subordinate",11,UL,WL,
2/9/2015 15:59:56,End,End,End,End,WL,
2/10/2015 12:01:17,Start,Start,Start,Start,KP,
2/10/2015 12:07:42,2,Chasing,10,UL,KP,
2/10/2015 12:08:41,2,"Fighting, Chasing",10,UR,KP,
2/10/2015 12:13:13,1,Chasing,8,ML,KP,
2/10/2015 12:16:19,1,Chasing,6,AllOver,KP,
2/10/2015 12:17:07,7,Chasing,1,MR,KP,
2/10/2015 12:18:52,2,Fighting,5,ML,KP,
2/10/2015 12:19:23,1,"Fighting, Chasing",8,UR,KP,
2/10/2015 12:21:06,7,Chasing,10,MR,KP,
2/10/2015 12:21:33,1,Chasing,8,UL,KP,
2/10/2015 12:21:59,1,"Fighting, Chasing",8,LL,KP,
2/10/2015 12:22:19,7,Chasing,1,ML,KP,
2/10/2015 12:23:22,1,"Fighting, Chasing",8,MR,KP,
2/10/2015 12:23:30,1,Chasing,6,LL,KP,
2/10/2015 12:25:00,8,Chasing,6,MR,KP,
2/10/2015 12:27:12,7,Chasing,1,MR,KP,
2/10/2015 12:28:10,1,Chasing,8,UL,KP,
2/10/2015 12:30:03,1,"Fighting, Chasing",5,UR,KP,
2/10/2015 12:34:05,1,"Fighting, Chasing",12,UL,KP,7 is vhase fighting 1 while he is doimg it to 12
2/10/2015 12:34:15,7,"Fighting, Chasing",1,UL,KP,
2/10/2015 12:35:32,2,Chasing,5,"LL, LR",KP,
2/10/2015 12:36:12,5,Subordinate,2,LL,KP,
2/10/2015 12:43:23,8,Chasing,12,ML,KP,
2/10/2015 12:47:25,7,Fighting,3,MR,KP,
2/10/2015 12:48:03,5,Subordinate,9,LR,KP,
2/10/2015 12:48:51,9,Chasing,10,AllOver,KP,
2/10/2015 12:50:52,9,"Fighting, Chasing",2,LR,KP,
2/10/2015 12:51:34,8,Chasing,6,LL,KP,
2/10/2015 12:53:41,7,"Fighting, Chasing",9,UR,KP,
2/10/2015 12:56:25,End,End,End,End,KP,
2/10/2015 13:08:10,Start,Start,Start,Start,WL,
2/10/2015 13:09:44,12,Fighting,6,NB5,WL,
2/10/2015 13:10:52,1,Chasing,9,LL,WL,
2/10/2015 13:12:21,1,"Fighting, Chasing, Mounting, Subordinate",9,AllOver,WL,
2/10/2015 13:13:19,7,"Fighting, Chasing, Mounting",1,MR,WL,1 was attacking 9 regardless of 7 attacking him
2/10/2015 13:16:06,1,Chasing,8,UL,WL,
2/10/2015 13:16:47,1,Subordinate,4,LL,WL,
2/10/2015 13:17:08,1,Chasing,8,ML,WL,
2/10/2015 13:18:01,9,Chasing,5,LL,WL,
2/10/2015 13:19:06,8,"Chasing, Subordinate",6,MR,WL,
2/10/2015 13:20:32,1,Chasing,11,MR,WL,
2/10/2015 13:22:36,9,"Fighting, Chasing",3,MR,WL,
2/10/2015 13:23:01,9,Chasing,10,LL,WL,
2/10/2015 13:24:15,9,"Fighting, Chasing",2,NB4,WL,
2/10/2015 13:25:07,8,"Fighting, Chasing",6,ML,WL,
2/10/2015 13:25:16,9,Chasing,8,MR,WL,
2/10/2015 13:32:14,8,Chasing,6,ML,WL,
2/10/2015 13:32:42,7,"Fighting, Chasing",4,NB2,WL,
2/10/2015 13:35:47,7,Chasing,5,ML,WL,
2/10/2015 13:39:31,7,Subordinate,9,LL,WL,
2/10/2015 13:41:03,9,"Fighting, Chasing",3,UL,WL,
2/10/2015 13:48:04,5,Chasing,8,LL,WL,
2/10/2015 13:48:14,7,"Fighting, Chasing, Subordinate",5,LL,WL,
2/10/2015 13:53:10,8,"Chasing, Mounting",3,UL,WL,
2/10/2015 13:54:36,1,Chasing,8,UL,WL,
2/10/2015 13:55:14,1,"Fighting, Chasing, Subordinate",5,UL,WL,
2/10/2015 13:59:59,End,End,End,End,WL,
2/10/2015 15:00:51,Start,Start,Start,Start,ZC,
2/10/2015 15:02:15,9,Induce-flee,12,LL,ZC,
2/10/2015 15:04:21,8,Chasing,2,ML,ZC,
2/10/2015 15:04:33,1,Chasing,9,MR,ZC,
2/10/2015 15:06:47,1,Induce-flee,12,NB1,ZC,
2/10/2015 15:07:21,8,Chasing,6,UL,ZC,
2/10/2015 15:09:26,8,Induce-flee,6,UR,ZC,
2/10/2015 15:10:31,1,Fighting,8,UR,ZC,
2/10/2015 15:11:29,1,Chasing,11,LL,ZC,
2/10/2015 15:15:59,1,Chasing,8,UL,ZC,
2/10/2015 15:16:11,7,Chasing,1,ML,ZC,
2/10/2015 15:17:41,1,Chasing,6,MR,ZC,
2/10/2015 15:18:20,8,Chasing,12,UR,ZC,
2/10/2015 15:18:43,8,Fighting,12,MR,ZC,
2/10/2015 15:23:52,7,Fighting,1,UL,ZC,
2/10/2015 15:24:20,5,Chasing,3,LL,ZC,
2/10/2015 15:25:48,7,Chasing,5,LL,ZC,
2/10/2015 15:26:02,1,Fighting,5,MR,ZC,
2/10/2015 15:26:36,9,Fighting,5,UL,ZC,
2/10/2015 15:32:06,1,Fighting,6,NB3,ZC,
2/10/2015 15:35:20,1,Fighting,3,NB1,ZC,
2/10/2015 15:40:04,8,Chasing,12,UL,ZC,
2/10/2015 15:47:36,8,Chasing,3,ML,ZC,
2/10/2015 15:50:11,8,Chasing,11,UL,ZC,
2/10/2015 16:00:16,End,End,End,End,ZC,
2/11/2015 12:03:59,Start,Start,Start,Start,KP,
2/11/2015 12:04:56,12,Subordinate,8,LL,KP,
2/11/2015 12:09:13,7,Fighting,11,MR,KP,
2/11/2015 12:09:36,8,"Fighting, Chasing",8,UL,KP,
2/11/2015 12:12:53,7,"Fighting, Chasing",8,MR,KP,
2/11/2015 12:13:29,10,Chasing,12,ML,KP,
2/11/2015 12:15:08,7,Fighting,3,UL,KP,
2/11/2015 12:16:06,2,"Fighting, Chasing",5,UR,KP,
2/11/2015 12:16:18,2,Subordinate,5,LL,KP,
2/11/2015 12:16:51,8,Chasing,12,ML,KP,
2/11/2015 12:17:34,2,"Fighting, Chasing",10,UL,KP,
2/11/2015 12:19:01,2,"Fighting, Chasing",10,AllOver,KP,
2/11/2015 12:19:34,8,Fighting,5,MR,KP,
2/11/2015 12:20:18,2,"Fighting, Chasing",5,MR,KP,
2/11/2015 12:28:20,7,"Fighting, Chasing",3,"UR, AllOver",KP,started ur but all over
2/11/2015 12:31:02,7,"Fighting, Chasing",1,NB3,KP,
2/11/2015 12:31:50,5,"Fighting, Chasing",8,MR,KP,
2/11/2015 12:32:30,1,Fighting,5,MR,KP,
2/11/2015 12:33:20,1,Subordinate,5,LL,KP,this subordinate is correct
2/11/2015 12:35:55,7,"Fighting, Chasing",1,ML,KP,
2/11/2015 12:37:10,7,"Fighting, Chasing",5,LR,KP,
2/11/2015 12:37:25,7,"Fighting, Chasing",1,LR,KP,
2/11/2015 12:39:12,1,"Fighting, Chasing",8,AllOver,KP,
2/11/2015 12:39:47,1,"Fighting, Chasing",6,MR,KP,
2/11/2015 12:40:23,7,"Fighting, Chasing",1,"MR, LR",KP,
2/11/2015 12:43:30,8,"Fighting, Chasing",6,LL,KP,
2/11/2015 12:44:00,7,"Fighting, Chasing",1,"UL, UR",KP,
2/11/2015 12:44:45,1,"Fighting, Chasing",2,UR,KP,
2/11/2015 12:46:28,5,"Fighting, Chasing",8,LL,KP,
2/11/2015 12:48:03,8,Chasing,6,UL,KP,
2/11/2015 12:48:29,1,Chasing,5,LL,KP,
2/11/2015 12:49:08,1,Chasing,6,AllOver,KP,
2/11/2015 12:49:29,7,Chasing,1,LR,KP,
2/11/2015 12:50:09,9,Chasing,5,LL,KP,
2/11/2015 12:53:51,1,Chasing,9,LL,KP,
2/11/2015 12:54:53,1,"Fighting, Chasing",9,UR,KP,
2/11/2015 12:55:43,1,"Chasing, Subordinate",6,LL,KP,
2/11/2015 12:57:08,7,Chasing,9,LR,KP,
2/11/2015 12:57:28,7,"Fighting, Chasing",1,LL,KP,
2/11/2015 12:58:59,8,"Fighting, Chasing",6,UL,KP,
2/11/2015 13:00:26,7,"Fighting, Chasing",1,UR,KP,
2/11/2015 13:01:05,End,End,End,End,KP,
2/11/2015 13:01:14,Start,Start,Start,Start,KP,
2/11/2015 13:03:13,9,"Fighting, Chasing",6,LR,KP,
2/11/2015 13:17:50,8,"Fighting, Chasing",6,"UR, AllOver",KP,
2/11/2015 13:26:36,8,Chasing,3,LL,KP,
2/11/2015 13:35:24,1,"Fighting, Chasing",8,LL,KP,
2/11/2015 13:35:50,1,"Fighting, Chasing",9,UL,KP,
2/11/2015 13:36:14,1,"Fighting, Chasing",9,MR,KP,
2/11/2015 13:36:32,7,Chasing,1,LR,KP,
2/11/2015 13:36:49,1,"Fighting, Chasing",8,AllOver,KP,
2/11/2015 13:37:17,1,"Fighting, Chasing",2,UL,KP,
2/11/2015 13:37:30,7,"Fighting, Chasing",1,UL,KP,
2/11/2015 13:40:18,1,"Fighting, Chasing",8,UL,KP,
2/11/2015 13:40:35,1,"Fighting, Chasing",9,MR,KP,
2/11/2015 13:41:20,7,"Fighting, Chasing",1,LL,KP,
2/11/2015 13:42:56,7,"Fighting, Chasing",1,LL,KP,
2/11/2015 13:44:11,9,"Fighting, Chasing",12,ML,KP,
2/11/2015 13:44:36,1,"Fighting, Chasing",8,UL,KP,
2/11/2015 13:45:09,1,Fighting,8,LL,KP,
2/11/2015 13:46:28,1,"Fighting, Chasing",8,ML,KP,
2/11/2015 13:48:17,7,"Fighting, Chasing",1,ML,KP,1 laches ont 8 during
2/11/2015 13:49:19,1,"Fighting, Chasing",8,UL,KP,
2/11/2015 13:54:52,1,"Fighting, Chasing",9,ML,KP,
2/11/2015 13:56:04,1,"Fighting, Chasing",4,UL,KP,
2/11/2015 13:57:27,9,"Fighting, Chasing",8,ML,KP,
2/11/2015 13:59:28,End,End,End,End,KP,
2/11/2015 15:59:39,Start,Start,Start,Start,WL,
2/11/2015 16:00:10,1,Chasing,6,LR,WL,
2/11/2015 16:01:19,7,"Chasing, Subordinate",1,UL,WL,
2/11/2015 16:01:39,7,"Fighting, Chasing, Subordinate",1,UL,WL,
2/11/2015 16:02:17,7,"Fighting, Chasing, Subordinate",1,UL,WL,
2/11/2015 16:02:40,1,"Fighting, Chasing",12,MR,WL,
2/11/2015 16:03:08,1,Fighting,6,NB5,WL,
2/11/2015 16:04:16,1,"Fighting, Chasing, Subordinate",8,UL,WL,
2/11/2015 16:04:34,"1, 7","Fighting, Chasing",4,ML,WL,
2/11/2015 16:04:43,1,"Fighting, Chasing, Subordinate",3,MR,WL,
2/11/2015 16:05:00,1,"Fighting, Chasing",10,UL,WL,
2/11/2015 16:05:33,9,"Fighting, Chasing, Subordinate",6,NB5,WL,
2/11/2015 16:06:06,7,"Fighting, Subordinate",9,NB3,WL,
2/11/2015 16:10:03,7,Induce-flee,3,LL,WL,
2/11/2015 16:11:11,1,Fighting,8,UR,WL,
2/11/2015 16:12:00,7,Subordinate,1,UL,WL,
2/11/2015 16:13:47,9,"Fighting, Chasing",6,UL,WL,
2/11/2015 16:14:01,1,"Fighting, Chasing, Subordinate",9,LL,WL,
2/11/2015 16:14:30,1,Chasing,9,UL,WL,
2/11/2015 16:15:09,1,"Fighting, Chasing, Subordinate",5,UL,WL,
2/11/2015 16:15:17,9,"Fighting, Chasing",10,UL,WL,
2/11/2015 16:19:09,1,Chasing,4,LR,WL,
2/11/2015 16:23:30,7,"Fighting, Chasing, Mounting, Subordinate",1,NB5,WL,
2/11/2015 16:23:59,8,Induce-flee,12,MR,WL,
2/11/2015 16:30:12,7,"Fighting, Chasing",10,AllOver,WL,
2/11/2015 16:30:31,7,Subordinate,2,NB2,WL,
2/11/2015 16:31:25,1,"Fighting, Chasing","3, 8",MR,WL,
2/11/2015 16:32:03,1,"Chasing, Subordinate",8,UL,WL,
2/11/2015 16:33:21,1,"Fighting, Chasing, Subordinate",9,UL,WL,persistent chase
2/11/2015 16:34:07,9,"Fighting, Chasing, Subordinate",6,ML,WL,
2/11/2015 16:34:25,8,"Fighting, Chasing, Subordinate",12,ML,WL,
2/11/2015 16:34:34,7,"Fighting, Chasing, Subordinate",1,NB5,WL,
2/11/2015 16:38:18,1,Chasing,9,MR,WL,
2/11/2015 16:38:46,1,"Fighting, Chasing, Mounting, Subordinate",5,UR,WL,
2/11/2015 16:38:56,9,"Fighting, Chasing",8,ML,WL,
2/11/2015 16:39:57,9,"Fighting, Chasing, Subordinate",8,AllOver,WL,
2/11/2015 16:41:28,9,"Fighting, Chasing","2, 8",UL,WL,
2/11/2015 16:42:46,9,Fighting,4,LL,WL,intense attack
2/11/2015 16:45:52,7,Subordinate,3,LR,WL,
2/11/2015 16:46:23,7,Chasing,3,MR,WL,
2/11/2015 16:47:13,9,"Fighting, Chasing",3,LL,WL,
2/11/2015 16:49:25,9,"Fighting, Chasing, Subordinate",5,ML,WL,intense attack
2/11/2015 16:49:35,7,"Fighting, Chasing, Subordinate",9,LL,WL,
2/11/2015 16:54:09,7,"Fighting, Chasing, Mounting, Subordinate",5,ML,WL,
2/11/2015 16:57:10,2,"Fighting, Chasing",5,MR,WL,
2/11/2015 16:57:20,7,Subordinate,5,LL,WL,
2/11/2015 16:57:29,7,"Fighting, Chasing",2,LL,WL,
2/11/2015 16:58:27,9,"Fighting, Chasing",5,LR,WL,intense attack
2/11/2015 17:00:18,End,End,End,End,WL,
2/12/2015 14:42:37,Start,Start,Start,Start,KB,
2/12/2015 14:43:08,9,"Fighting, Chasing",8,UL,KB,
2/12/2015 14:45:17,9,"Fighting, Chasing",8,ML,KB,
2/12/2015 14:50:20,9,"Fighting, Chasing",3,UL,KB,
2/12/2015 15:04:25,9,Fighting,7,LL,KB,
2/12/2015 15:05:38,5,Fighting,8,UR,KB,
2/12/2015 15:09:47,1,"Fighting, Subordinate",7,UL,KB,
2/12/2015 15:10:04,9,"Fighting, Chasing, Subordinate",7,UR,KB,
2/12/2015 15:12:57,9,"Fighting, Chasing",8,ML,KB,
2/12/2015 15:13:56,9,"Fighting, Chasing",8,UL,KB,
2/12/2015 15:15:59,"1, 9","Fighting, Chasing, Subordinate",11,UL,KB,"1 fighting, subordinate,  9 joins in but only attacks 11"
2/12/2015 15:20:29,1,"Fighting, Chasing",8,UR,KB,
2/12/2015 15:21:07,1,Fighting,9,UL,KB,
2/12/2015 15:21:46,1,"Chasing, Subordinate",9,UL,KB,
2/12/2015 15:22:38,1,"Fighting, Chasing",8,AllOver,KB,
2/12/2015 15:27:10,1,Fighting,9,UL,KB,
2/12/2015 15:27:35,1,"Fighting, Chasing, Subordinate",3,ML,KB,
2/12/2015 15:33:17,1,Chasing,8,ML,KB,
2/12/2015 15:33:48,1,"Fighting, Subordinate",9,UL,KB,
2/12/2015 15:40:02,1,Chasing,9,UR,KB,
2/12/2015 15:42:07,End,End,End,End,KB,
2/12/2015 15:42:17,Start,Start,Start,Start,KB,
2/12/2015 15:44:57,2,Fighting,10,UL,KB,
2/12/2015 15:46:45,1,"Fighting, Chasing",9,AllOver,KB,
2/12/2015 15:52:25,9,"Fighting, Chasing",2,AllOver,KB,
2/12/2015 16:11:45,5,Fighting,8,NB1,KB,
2/12/2015 16:19:05,8,"Chasing, Mounting",4,MR,KB,
2/12/2015 16:19:55,8,"Fighting, Chasing",12,LR,KB,
2/12/2015 16:21:22,5,"Fighting, Chasing",8,UL,KB,
2/12/2015 16:21:55,9,"Fighting, Chasing",12,AllOver,KB,
2/12/2015 16:24:05,9,Chasing,2,UR,KB,
2/12/2015 16:27:02,2,Fighting,5,NB5,KB,
2/12/2015 16:28:03,2,Fighting,"1, 3",NB5,KB,winner not clear but all 3 involved
2/12/2015 16:28:35,9,Chasing,7,LL,KB,
2/12/2015 16:29:53,9,"Fighting, Chasing",8,ML,KB,
2/12/2015 16:30:47,1,Fighting,7,LR,KB,
2/12/2015 16:31:21,1,Fighting,7,NB2,KB,
2/12/2015 16:32:44,End,End,End,End,KB,
2/13/2015 12:01:21,Start,Start,Start,Start,KP,
2/13/2015 12:03:55,2,"Fighting, Chasing",4,NB2,KP,
2/13/2015 12:05:38,2,"Fighting, Chasing",12,MR,KP,
2/13/2015 12:09:36,1,"Fighting, Chasing",12,AllOver,KP,
2/13/2015 12:11:31,1,"Fighting, Chasing",8,UL,KP,
2/13/2015 12:16:29,1,"Fighting, Chasing",8,MR,KP,
2/13/2015 12:16:59,1,Chasing,8,UR,KP,
2/13/2015 12:19:41,1,"Fighting, Chasing",9,UL,KP,
2/13/2015 12:20:34,1,Chasing,8,UL,KP,
2/13/2015 12:20:45,1,"Fighting, Chasing",9,UL,KP,
2/13/2015 12:20:55,1,Chasing,8,ML,KP,
2/13/2015 12:21:43,9,Chasing,5,UL,KP,
2/13/2015 12:31:37,1,"Fighting, Chasing",5,LL,KP,
2/13/2015 12:34:24,1,"Fighting, Chasing",8,NB3,KP,
2/13/2015 12:50:47,1,"Fighting, Chasing",5,UR,KP,
2/13/2015 12:51:23,1,"Fighting, Chasing",3,NB3,KP,
2/13/2015 12:52:46,1,Chasing,3,LL,KP,
2/13/2015 12:53:23,1,"Fighting, Chasing",5,"LL, LR",KP,
2/13/2015 12:53:48,1,Chasing,9,UL,KP,
2/13/2015 12:54:08,1,"Fighting, Chasing",7,MR,KP,very aggressive
2/13/2015 12:54:30,1,"Fighting, Chasing",3,LL,KP,
2/13/2015 12:55:09,9,"Fighting, Chasing",4,LR,KP,
2/13/2015 12:58:43,End,End,End,End,KP,
2/13/2015 12:59:00,Start,Start,Start,Start,KB,
2/13/2015 13:01:05,1,"Fighting, Chasing",8,ML,KB,
2/13/2015 13:02:34,1,"Fighting, Chasing","2, 9",UR,KB,
2/13/2015 13:04:28,9,"Fighting, Subordinate",8,UL,KB,
2/13/2015 13:05:40,9,"Fighting, Chasing",10,ML,KB,
2/13/2015 13:06:31,1,"Fighting, Subordinate",8,ML,KB,
2/13/2015 13:08:31,9,Chasing,8,MR,KB,
2/13/2015 13:14:58,9,"Fighting, Chasing",8,MR,KB,
2/13/2015 13:15:31,9,"Fighting, Chasing",4,ML,KB,
2/13/2015 13:18:17,9,Chasing,3,UL,KB,
2/13/2015 13:23:47,"8, 9","Fighting, Chasing","6, 8",UL,KB,"8 chasing fighting 6, then 9 stops it by fighting 8"
2/13/2015 13:25:12,9,"Fighting, Chasing",4,UR,KB,
2/13/2015 13:26:24,9,Chasing,8,UR,KB,
2/13/2015 13:26:51,1,"Fighting, Chasing",9,UL,KB,
2/13/2015 13:27:40,1,"Fighting, Chasing",9,ML,KB,
2/13/2015 13:28:13,9,Chasing,10,UL,KB,
2/13/2015 13:39:35,1,"Fighting, Chasing",11,LL,KB,
2/13/2015 13:41:40,1,Fighting,9,UR,KB,
2/13/2015 13:43:53,1,Fighting,9,UL,KB,
2/13/2015 13:44:43,1,Chasing,9,UL,KB,
2/13/2015 13:52:22,1,Chasing,9,ML,KB,
2/13/2015 13:53:00,1,"Fighting, Chasing, Subordinate",9,AllOver,KB,
2/13/2015 13:54:50,9,"Fighting, Chasing",3,UL,KB,
2/13/2015 13:58:13,1,"Fighting, Chasing",9,UL,KB,
2/13/2015 13:58:57,1,"Fighting, Chasing",9,UL,KB,
2/13/2015 13:59:36,1,Chasing,9,ML,KB,
2/13/2015 14:00:02,End,End,End,End,KB,
2/13/2015 14:00:12,Start,Start,Start,Start,KB,
2/13/2015 14:02:02,9,"Fighting, Chasing",4,UL,KB,
2/13/2015 14:06:37,1,Fighting,6,UL,KB,
2/13/2015 14:07:25,1,"Fighting, Chasing",9,MR,KB,
2/13/2015 14:08:13,1,"Fighting, Chasing",9,AllOver,KB,
2/13/2015 14:12:23,1,Chasing,9,UL,KB,
2/13/2015 14:13:39,9,Chasing,6,ML,KB,
2/13/2015 14:15:26,1,"Fighting, Subordinate",9,UL,KB,
2/13/2015 14:15:58,1,"Fighting, Chasing",9,AllOver,KB,
2/13/2015 14:16:35,1,Chasing,3,LR,KB,
2/13/2015 14:22:09,1,Fighting,8,NB1,KB,
2/13/2015 14:27:13,9,"Fighting, Chasing",8,LL,KB,
2/13/2015 14:29:37,9,"Fighting, Chasing",5,MR,KB,
2/13/2015 14:30:59,9,"Fighting, Chasing",2,UL,KB,
2/13/2015 15:00:21,End,End,End,End,KB,
2/14/2015 13:01:31,Start,Start,Start,Start,BN,
2/14/2015 13:03:37,8,Fighting,12,UL,BN,
2/14/2015 13:13:55,9,Fighting,8,UL,BN,
2/14/2015 13:14:40,9,Fighting,8,UL,BN,
2/14/2015 13:15:23,9,Fighting,2,"UL, NB4",BN,
2/14/2015 13:24:45,1,Fighting,7,UR,BN,
2/14/2015 13:27:01,9,Subordinate,11,LL,BN,
2/14/2015 13:29:18,1,Fighting,9,"UL, ML",BN,
2/14/2015 13:29:46,1,Subordinate,9,UL,BN,
2/14/2015 13:31:09,9,Fighting,8,UL,BN,
2/14/2015 13:31:53,1,Fighting,9,UR,BN,
2/14/2015 13:35:21,8,Induce-flee,12,LR,BN,
2/14/2015 13:37:37,9,Fighting,3,LR,BN,
2/14/2015 13:39:02,9,"Fighting, Subordinate",8,"UL, ML",BN,
2/14/2015 13:39:40,9,Fighting,8,"UL, ML, LL, NB1",BN,
2/14/2015 13:44:54,9,Fighting,7,"ML, LL",BN,
2/14/2015 13:49:08,1,Subordinate,9,UL,BN,
2/14/2015 14:00:38,End,End,End,End,BN,
2/14/2015 14:00:48,Start,Start,Start,Start,BN,
2/14/2015 14:04:38,1,"Fighting, Subordinate",6,NB2,BN,
2/14/2015 14:11:03,1,Chasing,9,LR,BN,
2/14/2015 14:12:48,1,Fighting,9,UL,BN,
2/14/2015 14:14:49,1,"Fighting, Subordinate",9,"UL, LL",BN,
2/14/2015 14:15:30,1,"Fighting, Chasing",9,UL,BN,
2/14/2015 14:19:00,1,Chasing,3,LR,BN,
2/14/2015 14:23:28,9,Chasing,3,UL,BN,
2/14/2015 14:58:55,9,Subordinate,2,UL,BN,
2/14/2015 15:00:09,1,Chasing,9,UL,BN,
2/14/2015 15:00:19,End,End,End,End,BN,
2/15/2015 13:59:59,Start,Start,Start,Start,DG,
2/15/2015 14:02:01,9,Chasing,8,UR,DG,
2/15/2015 14:03:11,1,Chasing,8,MR,DG,
2/15/2015 14:03:48,1,"Fighting, Chasing",4,UL,DG,
2/15/2015 14:04:24,9,"Fighting, Chasing",8,UL,DG,
2/15/2015 14:05:13,9,Chasing,2,LL,DG,
2/15/2015 14:06:37,1,"Fighting, Chasing",9,UL,DG,
2/15/2015 14:08:27,9,Chasing,8,UL,DG,
2/15/2015 14:10:01,1,Induce-flee,9,MR,DG,
2/15/2015 14:15:36,1,"Fighting, Chasing",4,ML,DG,
2/15/2015 14:18:09,1,Induce-flee,3,NB2,DG,
2/15/2015 14:23:57,2,"Fighting, Chasing",12,UR,DG,
2/15/2015 14:28:00,2,Fighting,11,UL,DG,
2/15/2015 14:28:59,2,"Fighting, Chasing",11,UR,DG,
2/15/2015 14:32:33,2,Chasing,6,LR,DG,
2/15/2015 14:39:33,9,Chasing,3,UL,DG,
2/15/2015 14:39:56,12,Chasing,11,LL,DG,
2/15/2015 14:41:09,9,Induce-flee,2,UR,DG,
2/15/2015 14:43:31,9,Chasing,2,AllOver,DG,
2/15/2015 14:46:54,9,Chasing,11,MR,DG,
2/15/2015 14:58:20,9,"Fighting, Chasing",6,UR,DG,
2/15/2015 15:00:17,End,End,End,End,DG,
2/15/2015 15:00:27,Start,Start,Start,Start,DG,
2/15/2015 15:04:17,1,Chasing,9,UL,DG,
2/15/2015 15:05:36,1,Chasing,9,UL,DG,
2/15/2015 15:06:03,1,Chasing,9,UL,DG,
2/15/2015 15:06:34,1,"Fighting, Chasing",9,AllOver,DG,
2/15/2015 15:07:43,1,"Fighting, Chasing",9,MR,DG,
2/15/2015 15:08:58,1,"Fighting, Chasing",9,LR,DG,
2/15/2015 15:11:43,1,"Fighting, Chasing",9,UL,DG,
2/15/2015 15:13:45,1,"Fighting, Chasing",9,UL,DG,at this point it seems like 1 is seeking out 9 to beat him up
2/15/2015 15:14:37,1,"Fighting, Chasing",9,UL,DG,
2/15/2015 15:16:16,1,"Fighting, Chasing",6,UL,DG,
2/15/2015 15:16:54,1,"Fighting, Chasing",9,ML,DG,
2/15/2015 15:17:45,1,"Fighting, Chasing",9,UL,DG,
2/15/2015 15:18:29,1,Chasing,9,AllOver,DG,
2/15/2015 15:19:16,1,"Fighting, Chasing",9,UL,DG,
2/15/2015 15:20:31,1,Chasing,9,UL,DG,
2/15/2015 15:22:58,1,Chasing,9,UR,DG,
2/15/2015 15:23:31,1,"Fighting, Chasing",9,UL,DG,
2/15/2015 15:24:26,1,Fighting,9,UL,DG,
2/15/2015 15:24:46,9,Chasing,6,UL,DG,
2/15/2015 15:48:05,4,Chasing,7,UL,DG,
2/15/2015 15:54:20,8,Chasing,4,UL,DG,
2/15/2015 15:56:01,8,Chasing,4,UR,DG,
2/15/2015 15:58:20,3,"Fighting, Chasing",7,UL,DG,
2/15/2015 15:59:05,3,Fighting,7,UR,DG,
2/15/2015 15:59:34,7,"Fighting, Chasing",8,LL,DG,
2/15/2015 15:59:53,7,"Fighting, Chasing",3,UL,DG,
2/15/2015 16:00:13,End,End,End,End,DG,
